-- Seed data for Practice Book
-- Generated from practice-sessions CSV export

-- Clear existing data (order matters for FK constraints)
TRUNCATE piece_section_timestamps, piece_videos, piece_sections, timer_entries, practice_sessions, mentions, tasks, practice_entry_sections, practice_entries, pieces, collections CASCADE;

-- Collections
INSERT INTO collections (id, name, composer, notes, created_at, updated_at) VALUES
  ('230825a8-c840-49bf-a4b9-f80b76b7c54f', 'Ballades', 'Chopin', '', '2026-03-19 15:35:58.525042+00', '2026-03-19 15:35:58.525042+00');

-- Pieces
INSERT INTO pieces (id, collection_id, name, composer, status, notes, target_tempo, created_at, updated_at) VALUES
  ('c6b8d48f-e6de-41ce-bd32-5ec49b40de23', NULL, 'Scherzo No. 1', 'Chopin', 'active', '', 160, '2026-03-19 04:34:06.888135+00', '2026-03-19 15:33:23.12205+00'),
  ('671174b8-96df-46b9-bc39-2ceb999a22da', NULL, 'Trio in G major', 'Debussy', 'active', '', 65, '2026-03-19 14:30:53.221713+00', '2026-03-19 14:30:53.221713+00'),
  ('e07a9e85-307a-4af9-8966-d1e824ec9ddb', NULL, 'Ballade 4', 'Chopin', 'active', '', 176, '2026-03-19 15:35:20.96941+00', '2026-03-19 15:35:20.96941+00'),
  ('b1a2c3d4-e5f6-4a7b-8c9d-0e1f2a3b4c5d', NULL, 'Quintet in G minor', 'Bruch', 'active', '', NULL, '2025-11-13 14:00:00+00', '2025-11-13 14:00:00+00'),
  ('a2b3c4d5-e6f7-4a8b-9c0d-1e2f3a4b5c6d', NULL, 'Prelude 10', 'Bach', 'active', '', NULL, '2025-11-13 14:00:00+00', '2025-11-13 14:00:00+00'),
  ('c3d4e5f6-a7b8-4c9d-0e1f-2a3b4c5d6e7f', NULL, 'Sonata 18 EbM', 'Beethoven', 'archived', '', NULL, '2025-11-13 14:00:00+00', '2025-11-13 14:00:00+00');

-- Lessons (transcribed from piano lesson log, Oct 2025 - Mar 2026)
INSERT INTO practice_entries (id, date, type, created_at, updated_at) VALUES
  ('f1a10001-0001-4001-8001-000000000001', '2025-10-26', 'lesson', '2025-10-26 18:00:00+00', '2025-10-26 18:00:00+00'),
  ('f1a10001-0002-4001-8001-000000000002', '2025-11-06', 'lesson', '2025-11-06 18:00:00+00', '2025-11-06 18:00:00+00'),
  ('f1a10001-0003-4001-8001-000000000003', '2025-11-13', 'lesson', '2025-11-13 18:00:00+00', '2025-11-13 18:00:00+00'),
  ('f1a10001-0004-4001-8001-000000000004', '2025-11-20', 'lesson', '2025-11-20 18:00:00+00', '2025-11-20 18:00:00+00'),
  ('f1a10001-0005-4001-8001-000000000005', '2025-12-01', 'lesson', '2025-12-01 18:00:00+00', '2025-12-01 18:00:00+00'),
  ('f1a10001-0006-4001-8001-000000000006', '2025-12-06', 'lesson', '2025-12-06 18:00:00+00', '2025-12-06 18:00:00+00'),
  ('f1a10001-0007-4001-8001-000000000007', '2026-01-10', 'lesson', '2026-01-10 18:00:00+00', '2026-01-10 18:00:00+00'),
  ('f1a10001-0008-4001-8001-000000000008', '2026-02-12', 'lesson', '2026-02-12 18:00:00+00', '2026-02-12 18:00:00+00'),
  ('f1a10001-0009-4001-8001-000000000009', '2026-02-24', 'lesson', '2026-02-24 18:00:00+00', '2026-02-24 18:00:00+00'),
  ('f1a10001-000a-4001-8001-00000000000a', '2026-03-05', 'lesson', '2026-03-05 18:00:00+00', '2026-03-05 18:00:00+00'),
  ('f1a10001-000b-4001-8001-00000000000b', '2026-03-12', 'lesson', '2026-03-12 18:00:00+00', '2026-03-12 18:00:00+00'),
  ('f1a10001-000c-4001-8001-00000000000c', '2026-03-13', 'lesson', '2026-03-13 18:00:00+00', '2026-03-13 18:00:00+00');

-- Lesson sections (content from lessons, now stored as practice_entry_sections)
INSERT INTO practice_entry_sections (id, practice_entry_id, piece_id, category, sort_order, content, created_at, updated_at) VALUES
  ('51a10001-0001-4001-8001-000000000001', 'f1a10001-0001-4001-8001-000000000001', NULL, 'general', 0,
   '{"type":"doc","content":[{"type":"heading","attrs":{"level":2},"content":[{"type":"text","text":"Assignment"}]},{"type":"taskList","content":[{"type":"taskItem","attrs":{"taskId":"d1000001-0001-4001-8001-000000000001","progress":4},"content":[{"type":"paragraph","content":[{"type":"text","text":"Scales - C major & C# major"}]}]}]},{"type":"taskList","content":[{"type":"taskItem","attrs":{"taskId":"d1000001-0002-4001-8001-000000000002","progress":4},"content":[{"type":"paragraph","content":[{"type":"text","text":"Grand staff treble & bass clef positions"}]}]}]},{"type":"taskList","content":[{"type":"taskItem","attrs":{"taskId":"d1000001-0003-4001-8001-000000000003","progress":4},"content":[{"type":"paragraph","content":[{"type":"text","text":"Work on "},{"type":"pieceMention","attrs":{"id":"b1a2c3d4-e5f6-4a7b-8c9d-0e1f2a3b4c5d","name":"Quintet in G minor","composer":"Bruch"}}]}]}]},{"type":"heading","attrs":{"level":2},"content":[{"type":"text","text":"Lesson Notes"}]},{"type":"paragraph","content":[{"type":"text","text":"Key: 2 flats (Bb major) - Bb, D, Eb, F"}]},{"type":"bulletList","content":[{"type":"listItem","content":[{"type":"paragraph","content":[{"type":"text","text":"Single key sight reading in treble clef"}]}]},{"type":"listItem","content":[{"type":"paragraph","content":[{"type":"text","text":"Stave reads for "},{"type":"pieceMention","attrs":{"id":"b1a2c3d4-e5f6-4a7b-8c9d-0e1f2a3b4c5d","name":"Quintet in G minor","composer":"Bruch"}}]}]}]},{"type":"heading","attrs":{"level":2},"content":[{"type":"text","text":"Practice Notes"}]},{"type":"bulletList","content":[{"type":"listItem","content":[{"type":"paragraph","content":[{"type":"text","text":"Finger crossing the thumb - go slow"}]}]},{"type":"listItem","content":[{"type":"paragraph","content":[{"type":"text","text":"End slow, let the tone ring"}]}]},{"type":"listItem","content":[{"type":"paragraph","content":[{"type":"text","text":"Hand stance: grand, plants"}]}]}]},{"type":"paragraph"}]}'::jsonb,
   '2025-10-26 18:00:00+00', '2025-10-26 18:00:00+00'),
  ('51a10001-0002-4001-8001-000000000002', 'f1a10001-0002-4001-8001-000000000002', NULL, 'general', 0,
   '{"type":"doc","content":[{"type":"heading","attrs":{"level":2},"content":[{"type":"text","text":"Assignment"}]},{"type":"taskList","content":[{"type":"taskItem","attrs":{"taskId":"d1000001-0004-4001-8001-000000000004","progress":4},"content":[{"type":"paragraph","content":[{"type":"text","text":"Sight read with full confidence to 60 slowly"}]}]}]},{"type":"taskList","content":[{"type":"taskItem","attrs":{"taskId":"d1000001-0005-4001-8001-000000000005","progress":4},"content":[{"type":"paragraph","content":[{"type":"text","text":"Choose a Scarlatti sonata to work on"}]}]}]},{"type":"paragraph","content":[{"type":"text","text":"Buy \"The Ghost Pianists\""}]},{"type":"paragraph","content":[{"type":"text","text":"Work on Eb+ for "},{"type":"pieceMention","attrs":{"id":"b1a2c3d4-e5f6-4a7b-8c9d-0e1f2a3b4c5d","name":"Quintet in G minor","composer":"Bruch"}}]},{"type":"heading","attrs":{"level":2},"content":[{"type":"text","text":"Practice Notes"}]},{"type":"bulletList","content":[{"type":"listItem","content":[{"type":"paragraph","content":[{"type":"text","text":"How to smooth sections: 10 min eyes closed, other hand"}]}]},{"type":"listItem","content":[{"type":"paragraph","content":[{"type":"text","text":"Off-desk sight reading needs more practice"}]}]},{"type":"listItem","content":[{"type":"paragraph","content":[{"type":"pieceMention","attrs":{"id":"b1a2c3d4-e5f6-4a7b-8c9d-0e1f2a3b4c5d","name":"Quintet in G minor","composer":"Bruch"}},{"type":"text","text":" exercise: 3-4 loaded"}]}]}]},{"type":"paragraph"}]}'::jsonb,
   '2025-11-06 18:00:00+00', '2025-11-06 18:00:00+00'),
  ('51a10001-0003-4001-8001-000000000003', 'f1a10001-0003-4001-8001-000000000003', NULL, 'general', 0,
   '{"type":"doc","content":[{"type":"heading","attrs":{"level":2},"content":[{"type":"text","text":"Assignment"}]},{"type":"paragraph","content":[{"type":"text","text":"Column A: Technical / Column B: Musical"}]},{"type":"taskList","content":[{"type":"taskItem","attrs":{"taskId":"d1000001-0006-4001-8001-000000000006","progress":4},"content":[{"type":"paragraph","content":[{"type":"text","text":"Scales: add triplets "},{"type":"metronomeMarking","attrs":{"bpm":50}},{"type":"text","text":", F & Fm - try to keep the metronome"}]}]}]},{"type":"taskList","content":[{"type":"taskItem","attrs":{"taskId":"d1000001-0007-4001-8001-000000000007","progress":4},"content":[{"type":"paragraph","content":[{"type":"pieceMention","attrs":{"id":"e07a9e85-307a-4af9-8966-d1e824ec9ddb","name":"Ballade 4","composer":"Chopin"}},{"type":"text","text":" - bass as separate idea, practice LH thumb"}]}]}]},{"type":"heading","attrs":{"level":2},"content":[{"type":"text","text":"Lesson Notes"}]},{"type":"heading","attrs":{"level":3},"content":[{"type":"text","text":"Chopin Ballade"}]},{"type":"bulletList","content":[{"type":"listItem","content":[{"type":"paragraph","content":[{"type":"text","text":"Bass as a separate idea"}]}]},{"type":"listItem","content":[{"type":"paragraph","content":[{"type":"text","text":"Practice thumb of left hand"}]}]},{"type":"listItem","content":[{"type":"paragraph","content":[{"type":"text","text":"Could just play 5th finger & thumb by themselves - needs its own identity"}]}]},{"type":"listItem","content":[{"type":"paragraph","content":[{"type":"text","text":"Practice with pencil and one long finger"}]}]}]},{"type":"heading","attrs":{"level":2},"content":[{"type":"text","text":"To Buy"}]},{"type":"bulletList","content":[{"type":"listItem","content":[{"type":"paragraph","content":[{"type":"text","text":"Kalmus Scarlatti 60 Sonatas"}]}]},{"type":"listItem","content":[{"type":"paragraph","content":[{"type":"text","text":"Paderewski Chopin"}]}]}]},{"type":"paragraph"}]}'::jsonb,
   '2025-11-13 18:00:00+00', '2025-11-13 18:00:00+00'),
  ('51a10001-0004-4001-8001-000000000004', 'f1a10001-0004-4001-8001-000000000004', NULL, 'general', 0,
   '{"type":"doc","content":[{"type":"heading","attrs":{"level":2},"content":[{"type":"text","text":"Assignment"}]},{"type":"taskList","content":[{"type":"taskItem","attrs":{"taskId":"d1000001-0008-4001-8001-000000000008","progress":4},"content":[{"type":"paragraph","content":[{"type":"text","text":"F scale + Bb - close the eyes"}]}]}]},{"type":"paragraph","content":[{"type":"text","text":"MusicTheory.net for practice"}]},{"type":"heading","attrs":{"level":2},"content":[{"type":"text","text":"Sight Reading Tips"}]},{"type":"bulletList","content":[{"type":"listItem","content":[{"type":"paragraph","content":[{"type":"text","text":"Bottom to top"}]}]},{"type":"listItem","content":[{"type":"paragraph","content":[{"type":"text","text":"Scan rhythm and just keep going"}]}]},{"type":"listItem","content":[{"type":"paragraph","content":[{"type":"text","text":"Read the bass line"}]}]},{"type":"listItem","content":[{"type":"paragraph","content":[{"type":"text","text":"Hear what it sounds like"}]}]},{"type":"listItem","content":[{"type":"paragraph","content":[{"type":"text","text":"Look for phrase lengths"}]}]},{"type":"listItem","content":[{"type":"paragraph","content":[{"type":"text","text":"Count out loud"}]}]}]},{"type":"heading","attrs":{"level":3},"content":[{"type":"text","text":"Scherzo"}]},{"type":"taskList","content":[{"type":"taskItem","attrs":{"taskId":"d1000001-0009-4001-8001-000000000009","progress":4},"content":[{"type":"paragraph","content":[{"type":"pieceMention","attrs":{"id":"c6b8d48f-e6de-41ce-bd32-5ec49b40de23","name":"Scherzo No. 1","composer":"Chopin"}},{"type":"text","text":" - practice just the bass line"}]}]}]},{"type":"paragraph","content":[{"type":"text","text":"Start where the problem is and drop hands down"}]},{"type":"heading","attrs":{"level":2},"content":[{"type":"text","text":"Resources"}]},{"type":"bulletList","content":[{"type":"listItem","content":[{"type":"paragraph","content":[{"type":"text","text":"Jamie Aebersold Jazz Improvisation"}]}]},{"type":"listItem","content":[{"type":"paragraph","content":[{"type":"text","text":"Send tempi"}]}]}]},{"type":"paragraph"}]}'::jsonb,
   '2025-11-20 18:00:00+00', '2025-11-20 18:00:00+00'),
  ('51a10001-0005-4001-8001-000000000005', 'f1a10001-0005-4001-8001-000000000005', NULL, 'general', 0,
   '{"type":"doc","content":[{"type":"heading","attrs":{"level":2},"content":[{"type":"text","text":"Questions"}]},{"type":"bulletList","content":[{"type":"listItem","content":[{"type":"paragraph","content":[{"type":"text","text":"Why black key etude?"}]}]},{"type":"listItem","content":[{"type":"paragraph","content":[{"type":"text","text":"Counting/ear mastery & permission to play"}]}]}]},{"type":"heading","attrs":{"level":2},"content":[{"type":"text","text":"To Work On"}]},{"type":"bulletList","content":[{"type":"listItem","content":[{"type":"paragraph","content":[{"type":"pieceMention","attrs":{"id":"c6b8d48f-e6de-41ce-bd32-5ec49b40de23","name":"Scherzo No. 1","composer":"Chopin"}},{"type":"text","text":" - program to perform"}]}]},{"type":"listItem","content":[{"type":"paragraph","content":[{"type":"pieceMention","attrs":{"id":"e07a9e85-307a-4af9-8966-d1e824ec9ddb","name":"Ballade 4","composer":"Chopin"}},{"type":"text","text":" - coda section"}]}]},{"type":"listItem","content":[{"type":"paragraph","content":[{"type":"text","text":"Bottesini"}]}]}]},{"type":"heading","attrs":{"level":2},"content":[{"type":"text","text":"Lesson Tips"}]},{"type":"paragraph","content":[{"type":"text","text":"They can teach themselves a lot at a lower level. If you can play it at "},{"type":"metronomeMarking","attrs":{"bpm":180}},{"type":"text","text":", try at 25% if technique is hard."}]},{"type":"heading","attrs":{"level":3},"content":[{"type":"text","text":"Beethoven"}]},{"type":"paragraph","content":[{"type":"pieceMention","attrs":{"id":"c3d4e5f6-a7b8-4c9d-0e1f-2a3b4c5d6e7f","name":"Sonata 18 EbM","composer":"Beethoven"}},{"type":"text","text":" - drop WP. Did Durovich."}]},{"type":"paragraph"}]}'::jsonb,
   '2025-12-01 18:00:00+00', '2025-12-01 18:00:00+00'),
  ('51a10001-0006-4001-8001-000000000006', 'f1a10001-0006-4001-8001-000000000006', NULL, 'general', 0,
   '{"type":"doc","content":[{"type":"heading","attrs":{"level":2},"content":[{"type":"text","text":"To Cover"}]},{"type":"taskList","content":[{"type":"taskItem","attrs":{"taskId":"d1000001-000a-4001-8001-00000000000a","progress":4},"content":[{"type":"paragraph","content":[{"type":"pieceMention","attrs":{"id":"c6b8d48f-e6de-41ce-bd32-5ec49b40de23","name":"Scherzo No. 1","composer":"Chopin"}},{"type":"text","text":" coda chromatic scales"}]}]}]},{"type":"bulletList","content":[{"type":"listItem","content":[{"type":"paragraph","content":[{"type":"pieceMention","attrs":{"id":"b1a2c3d4-e5f6-4a7b-8c9d-0e1f2a3b4c5d","name":"Quintet in G minor","composer":"Bruch"}}]}]},{"type":"listItem","content":[{"type":"paragraph","content":[{"type":"pieceMention","attrs":{"id":"c3d4e5f6-a7b8-4c9d-0e1f-2a3b4c5d6e7f","name":"Sonata 18 EbM","composer":"Beethoven"}}]}]},{"type":"listItem","content":[{"type":"paragraph","content":[{"type":"pieceMention","attrs":{"id":"a2b3c4d5-e6f7-4a8b-9c0d-1e2f3a4b5c6d","name":"Prelude 10","composer":"Bach"}}]}]}]},{"type":"heading","attrs":{"level":2},"content":[{"type":"text","text":"Notes"}]},{"type":"paragraph","content":[{"type":"text","text":"Check out Adult Chamber Program"}]},{"type":"heading","attrs":{"level":3},"content":[{"type":"text","text":"Beethoven"}]},{"type":"paragraph","content":[{"type":"text","text":"Try practicing scales in wrist staccato"}]},{"type":"heading","attrs":{"level":2},"content":[{"type":"text","text":"Practice Notes"}]},{"type":"paragraph","content":[{"type":"pieceMention","attrs":{"id":"e07a9e85-307a-4af9-8966-d1e824ec9ddb","name":"Ballade 4","composer":"Chopin"}},{"type":"text","text":":"}]},{"type":"bulletList","content":[{"type":"listItem","content":[{"type":"paragraph","content":[{"type":"text","text":"Measure 180 "},{"type":"metronomeMarking","attrs":{"bpm":92}}]}]},{"type":"listItem","content":[{"type":"paragraph","content":[{"type":"text","text":"Measure 106 "},{"type":"metronomeMarking","attrs":{"bpm":92}}]}]},{"type":"listItem","content":[{"type":"paragraph","content":[{"type":"text","text":"Measure 48"}]}]}]},{"type":"paragraph"}]}'::jsonb,
   '2025-12-06 18:00:00+00', '2025-12-06 18:00:00+00'),
  ('51a10001-0007-4001-8001-000000000007', 'f1a10001-0007-4001-8001-000000000007', NULL, 'general', 0,
   '{"type":"doc","content":[{"type":"heading","attrs":{"level":2},"content":[{"type":"text","text":"Questions"}]},{"type":"bulletList","content":[{"type":"listItem","content":[{"type":"paragraph","content":[{"type":"text","text":"How do I work on "},{"type":"pieceMention","attrs":{"id":"c6b8d48f-e6de-41ce-bd32-5ec49b40de23","name":"Scherzo No. 1","composer":"Chopin"}},{"type":"text","text":" now?"}]}]},{"type":"listItem","content":[{"type":"paragraph","content":[{"type":"text","text":"Just jumping around on "},{"type":"pieceMention","attrs":{"id":"e07a9e85-307a-4af9-8966-d1e824ec9ddb","name":"Ballade 4","composer":"Chopin"}},{"type":"text","text":" trying to get notes in my fingers - but kind of random..."}]}]},{"type":"listItem","content":[{"type":"paragraph","content":[{"type":"pieceMention","attrs":{"id":"b1a2c3d4-e5f6-4a7b-8c9d-0e1f2a3b4c5d","name":"Quintet in G minor","composer":"Bruch"}},{"type":"text","text":" fingering?"}]}]}]},{"type":"heading","attrs":{"level":2},"content":[{"type":"text","text":"Scales"}]},{"type":"bulletList","content":[{"type":"listItem","content":[{"type":"paragraph","content":[{"type":"text","text":"Count 1-2-3-4 out loud"}]}]},{"type":"listItem","content":[{"type":"paragraph","content":[{"type":"text","text":"More virtuosic. Extreme."}]}]}]},{"type":"heading","attrs":{"level":3},"content":[{"type":"text","text":"Ballade - Measure 180"}]},{"type":"paragraph","content":[{"type":"text","text":"Feel through it, don''t get bogged down by mistakes. Play at tempo. Don''t let it become ingrained to stop and start."}]},{"type":"heading","attrs":{"level":2},"content":[{"type":"text","text":"Annotation System"}]},{"type":"bulletList","content":[{"type":"listItem","content":[{"type":"paragraph","content":[{"type":"text","text":"X = technical or rhythmic problem"}]}]},{"type":"listItem","content":[{"type":"paragraph","content":[{"type":"text","text":"✓ = musical/phrasing"}]}]},{"type":"listItem","content":[{"type":"paragraph","content":[{"type":"text","text":"Circle = can''t play"}]}]},{"type":"listItem","content":[{"type":"paragraph","content":[{"type":"text","text":"M = memory problem"}]}]}]},{"type":"paragraph"}]}'::jsonb,
   '2026-01-10 18:00:00+00', '2026-01-10 18:00:00+00'),
  ('51a10001-0008-4001-8001-000000000008', 'f1a10001-0008-4001-8001-000000000008', NULL, 'general', 0,
   '{"type":"doc","content":[{"type":"heading","attrs":{"level":2},"content":[{"type":"text","text":"Notes"}]},{"type":"paragraph","content":[{"type":"text","text":"Ab major scale (not minor)"}]},{"type":"heading","attrs":{"level":3},"content":[{"type":"text","text":"Bruch"}]},{"type":"paragraph","content":[{"type":"pieceMention","attrs":{"id":"b1a2c3d4-e5f6-4a7b-8c9d-0e1f2a3b4c5d","name":"Quintet in G minor","composer":"Bruch"}},{"type":"text","text":" - accentuate to the note"}]},{"type":"heading","attrs":{"level":3},"content":[{"type":"text","text":"Bach"}]},{"type":"paragraph","content":[{"type":"pieceMention","attrs":{"id":"a2b3c4d5-e6f7-4a8b-9c0d-1e2f3a4b5c6d","name":"Prelude 10","composer":"Bach"}},{"type":"text","text":" Sinfonia: bring out the 1st note. Voice leading. Don''t pedal trills."}]},{"type":"heading","attrs":{"level":3},"content":[{"type":"text","text":"Ballade"}]},{"type":"paragraph","content":[{"type":"pieceMention","attrs":{"id":"e07a9e85-307a-4af9-8966-d1e824ec9ddb","name":"Ballade 4","composer":"Chopin"}},{"type":"text","text":" - measures 215–232, 227 → End. No form yet."}]},{"type":"heading","attrs":{"level":2},"content":[{"type":"text","text":"To Buy"}]},{"type":"bulletList","content":[{"type":"listItem","content":[{"type":"paragraph","content":[{"type":"text","text":"Barenreiter Bach urtext"}]}]},{"type":"listItem","content":[{"type":"paragraph","content":[{"type":"text","text":"Dover Grieg for Solo Violin"}]}]}]},{"type":"heading","attrs":{"level":2},"content":[{"type":"text","text":"Today''s Plan"}]},{"type":"paragraph","content":[{"type":"pieceMention","attrs":{"id":"c6b8d48f-e6de-41ce-bd32-5ec49b40de23","name":"Scherzo No. 1","composer":"Chopin"}},{"type":"text","text":", "},{"type":"pieceMention","attrs":{"id":"e07a9e85-307a-4af9-8966-d1e824ec9ddb","name":"Ballade 4","composer":"Chopin"}},{"type":"text","text":" (2 main themes), "},{"type":"pieceMention","attrs":{"id":"b1a2c3d4-e5f6-4a7b-8c9d-0e1f2a3b4c5d","name":"Quintet in G minor","composer":"Bruch"}},{"type":"text","text":", "},{"type":"pieceMention","attrs":{"id":"a2b3c4d5-e6f7-4a8b-9c0d-1e2f3a4b5c6d","name":"Prelude 10","composer":"Bach"}}]},{"type":"paragraph"}]}'::jsonb,
   '2026-02-12 18:00:00+00', '2026-02-12 18:00:00+00'),
  ('51a10001-0009-4001-8001-000000000009', 'f1a10001-0009-4001-8001-000000000009', NULL, 'general', 0,
   '{"type":"doc","content":[{"type":"heading","attrs":{"level":2},"content":[{"type":"text","text":"Assignment"}]},{"type":"paragraph","content":[{"type":"pieceMention","attrs":{"id":"e07a9e85-307a-4af9-8966-d1e824ec9ddb","name":"Ballade 4","composer":"Chopin"}},{"type":"text","text":":"}]},{"type":"taskList","content":[{"type":"taskItem","attrs":{"taskId":"d1000001-000b-4001-8001-00000000000b","progress":4},"content":[{"type":"paragraph","content":[{"type":"text","text":"Theme 2 "},{"type":"metronomeMarking","attrs":{"bpm":40}}]}]}]},{"type":"taskList","content":[{"type":"taskItem","attrs":{"taskId":"d1000001-000c-4001-8001-00000000000c","progress":4},"content":[{"type":"paragraph","content":[{"type":"text","text":"Coda "},{"type":"metronomeMarking","attrs":{"bpm":40}}]}]}]},{"type":"taskList","content":[{"type":"taskItem","attrs":{"taskId":"d1000001-000d-4001-8001-00000000000d","progress":4},"content":[{"type":"paragraph","content":[{"type":"text","text":"Pre-coda arpeggios "},{"type":"metronomeMarking","attrs":{"bpm":72}}]}]}]},{"type":"paragraph","content":[{"type":"pieceMention","attrs":{"id":"c6b8d48f-e6de-41ce-bd32-5ec49b40de23","name":"Scherzo No. 1","composer":"Chopin"}},{"type":"text","text":":"}]},{"type":"taskList","content":[{"type":"taskItem","attrs":{"taskId":"d1000001-000e-4001-8001-00000000000e","progress":4},"content":[{"type":"paragraph","content":[{"type":"text","text":"Coda "},{"type":"metronomeMarking","attrs":{"bpm":40}}]}]}]},{"type":"heading","attrs":{"level":2},"content":[{"type":"text","text":"Ballade - Theme II Details"}]},{"type":"bulletList","content":[{"type":"listItem","content":[{"type":"paragraph","content":[{"type":"text","text":"Be noisy, allow notes to follow where the music wants"}]}]},{"type":"listItem","content":[{"type":"paragraph","content":[{"type":"text","text":"Bass of left hand is a melody - legato"}]}]},{"type":"listItem","content":[{"type":"paragraph","content":[{"type":"text","text":"Try to make it as singing and melodious as possible"}]}]},{"type":"listItem","content":[{"type":"paragraph","content":[{"type":"text","text":"Play very lightly, every note"}]}]},{"type":"listItem","content":[{"type":"paragraph","content":[{"type":"text","text":"RH on its own, play/shape the quarter notes"}]}]}]},{"type":"heading","attrs":{"level":3},"content":[{"type":"text","text":"Coda"}]},{"type":"paragraph","content":[{"type":"text","text":"Think with everything. Listen for the money. Exaggerate. Gently, gracefully."}]},{"type":"heading","attrs":{"level":3},"content":[{"type":"text","text":"Arpeggios"}]},{"type":"bulletList","content":[{"type":"listItem","content":[{"type":"paragraph","content":[{"type":"text","text":"Right hand: stay down"}]}]},{"type":"listItem","content":[{"type":"paragraph","content":[{"type":"text","text":"Left hand: rotate"}]}]},{"type":"listItem","content":[{"type":"paragraph","content":[{"type":"text","text":"Grab the keys"}]}]},{"type":"listItem","content":[{"type":"paragraph","content":[{"type":"text","text":"Staccato, shimmer"}]}]}]},{"type":"paragraph"}]}'::jsonb,
   '2026-02-24 18:00:00+00', '2026-02-24 18:00:00+00'),
  ('51a10001-000a-4001-8001-00000000000a', 'f1a10001-000a-4001-8001-00000000000a', NULL, 'general', 0,
   '{"type":"doc","content":[{"type":"heading","attrs":{"level":2},"content":[{"type":"text","text":"Assignment"}]},{"type":"paragraph","content":[{"type":"pieceMention","attrs":{"id":"e07a9e85-307a-4af9-8966-d1e824ec9ddb","name":"Ballade 4","composer":"Chopin"}},{"type":"text","text":":"}]},{"type":"taskList","content":[{"type":"taskItem","attrs":{"taskId":"d1000001-000f-4001-8001-00000000000f","progress":0},"content":[{"type":"paragraph","content":[{"type":"text","text":"Theme 1 variation II"}]}]}]},{"type":"paragraph","content":[{"type":"pieceMention","attrs":{"id":"c6b8d48f-e6de-41ce-bd32-5ec49b40de23","name":"Scherzo No. 1","composer":"Chopin"}},{"type":"text","text":":"}]},{"type":"taskList","content":[{"type":"taskItem","attrs":{"taskId":"d1000001-0010-4001-8001-000000000010","progress":0},"content":[{"type":"paragraph","content":[{"type":"text","text":"Coda "},{"type":"metronomeMarking","attrs":{"bpm":60}}]}]}]},{"type":"heading","attrs":{"level":2},"content":[{"type":"text","text":"Scales"}]},{"type":"bulletList","content":[{"type":"listItem","content":[{"type":"paragraph","content":[{"type":"text","text":"R1+2: Ghost the 2nd notes"}]}]},{"type":"listItem","content":[{"type":"paragraph","content":[{"type":"text","text":"3+4: Crescendos, accent on beat"}]}]},{"type":"listItem","content":[{"type":"paragraph","content":[{"type":"text","text":"Try "},{"type":"metronomeMarking","attrs":{"bpm":72}}]}]},{"type":"listItem","content":[{"type":"paragraph","content":[{"type":"text","text":"Go back to G"}]}]}]},{"type":"heading","attrs":{"level":3},"content":[{"type":"text","text":"Ballade"}]},{"type":"paragraph","content":[{"type":"text","text":"Don''t skip steps."}]},{"type":"heading","attrs":{"level":2},"content":[{"type":"text","text":"Repertoire Ideas"}]},{"type":"paragraph","content":[{"type":"text","text":"Ravel Zimmerman Concerto, Liszt, Ravel"}]},{"type":"paragraph"}]}'::jsonb,
   '2026-03-05 18:00:00+00', '2026-03-05 18:00:00+00'),
  ('51a10001-000b-4001-8001-00000000000b', 'f1a10001-000b-4001-8001-00000000000b', NULL, 'general', 0,
   '{"type":"doc","content":[{"type":"heading","attrs":{"level":2},"content":[{"type":"text","text":"Assignment"}]},{"type":"taskList","content":[{"type":"taskItem","attrs":{"taskId":"d1000001-0011-4001-8001-000000000011","progress":4},"content":[{"type":"paragraph","content":[{"type":"text","text":"Scales: melodic minor, 3 keys - F minor, Ab minor "},{"type":"metronomeMarking","attrs":{"bpm":72}}]}]}]},{"type":"taskList","content":[{"type":"taskItem","attrs":{"taskId":"d1000001-0012-4001-8001-000000000012","progress":4},"content":[{"type":"paragraph","content":[{"type":"text","text":"Bring "},{"type":"pieceMention","attrs":{"id":"c6b8d48f-e6de-41ce-bd32-5ec49b40de23","name":"Scherzo No. 1","composer":"Chopin"}},{"type":"text","text":" score - play and explain marks"}]}]}]},{"type":"heading","attrs":{"level":2},"content":[{"type":"text","text":"New Repertoire to Explore"}]},{"type":"bulletList","content":[{"type":"listItem","content":[{"type":"paragraph","content":[{"type":"text","text":"Prokofiev - Romeo & Juliet (or Sonata 1/2)"}]}]},{"type":"listItem","content":[{"type":"paragraph","content":[{"type":"text","text":"Liszt - Petrarch Sonata 104 (Paderewski)"}]}]},{"type":"listItem","content":[{"type":"paragraph","content":[{"type":"text","text":"Brahms Op. 118"}]}]}]},{"type":"heading","attrs":{"level":3},"content":[{"type":"text","text":"Scherzo"}]},{"type":"bulletList","content":[{"type":"listItem","content":[{"type":"paragraph","content":[{"type":"text","text":"Solid the first time, no mistakes"}]}]},{"type":"listItem","content":[{"type":"paragraph","content":[{"type":"text","text":"Then add dynamics and arm/touch"}]}]},{"type":"listItem","content":[{"type":"paragraph","content":[{"type":"text","text":"Practice differently: imagine multiple mirrors, structured approach"}]}]}]},{"type":"heading","attrs":{"level":2},"content":[{"type":"text","text":"How to Learn a New Piece"}]},{"type":"orderedList","content":[{"type":"listItem","content":[{"type":"paragraph","content":[{"type":"text","text":"Get through the whole thing"}]}]},{"type":"listItem","content":[{"type":"paragraph","content":[{"type":"text","text":"Analyze and smart practice - find the hard parts"}]}]},{"type":"listItem","content":[{"type":"paragraph","content":[{"type":"text","text":"Low-level structure (turns, ties)"}]}]},{"type":"listItem","content":[{"type":"paragraph","content":[{"type":"text","text":"Prioritize the hardest stuff"}]}]}]},{"type":"paragraph","content":[{"type":"text","text":"Spread the hard parts as a warmup."}]},{"type":"heading","attrs":{"level":3},"content":[{"type":"text","text":"Practice Tips"}]},{"type":"paragraph","content":[{"type":"text","text":"Left hand alone, smooth, in the score. Practice top line with bass "},{"type":"metronomeMarking","attrs":{"bpm":120}},{"type":"text","text":"."}]},{"type":"paragraph"}]}'::jsonb,
   '2026-03-12 18:00:00+00', '2026-03-12 18:00:00+00'),
  ('51a10001-000c-4001-8001-00000000000c', 'f1a10001-000c-4001-8001-00000000000c', NULL, 'general', 0,
   '{"type":"doc","content":[{"type":"paragraph","content":[{"type":"pieceMention","attrs":{"id":"c6b8d48f-e6de-41ce-bd32-5ec49b40de23","name":"Scherzo No. 1","composer":"Chopin"}},{"type":"text","text":" "},{"type":"metronomeMarking","attrs":{"bpm":84}},{"type":"text","text":" - still can''t do it!"}]},{"type":"paragraph"}]}'::jsonb,
   '2026-03-13 18:00:00+00', '2026-03-13 18:00:00+00');

-- Tasks
INSERT INTO tasks (id, source_type, source_id, piece_id, text, progress, completed_at, note, created_at, updated_at) VALUES
  ('d1000001-0001-4001-8001-000000000001', 'practice_entry', '51a10001-0001-4001-8001-000000000001', NULL, 'Scales - C major & C# major', 4, '2025-10-26 18:00:00+00', NULL, '2025-10-26 18:00:00+00', '2025-10-26 18:00:00+00'),
  ('d1000001-0002-4001-8001-000000000002', 'practice_entry', '51a10001-0001-4001-8001-000000000001', NULL, 'Grand staff treble & bass clef positions', 4, '2025-10-26 18:00:00+00', NULL, '2025-10-26 18:00:00+00', '2025-10-26 18:00:00+00'),
  ('d1000001-0003-4001-8001-000000000003', 'practice_entry', '51a10001-0001-4001-8001-000000000001', 'b1a2c3d4-e5f6-4a7b-8c9d-0e1f2a3b4c5d', 'Work on Bruch Quintet', 4, '2025-10-26 18:00:00+00', NULL, '2025-10-26 18:00:00+00', '2025-10-26 18:00:00+00'),
  ('d1000001-0004-4001-8001-000000000004', 'practice_entry', '51a10001-0002-4001-8001-000000000002', NULL, 'Sight read with full confidence to 60 slowly', 4, '2025-11-06 18:00:00+00', NULL, '2025-11-06 18:00:00+00', '2025-11-06 18:00:00+00'),
  ('d1000001-0005-4001-8001-000000000005', 'practice_entry', '51a10001-0002-4001-8001-000000000002', NULL, 'Choose a Scarlatti sonata to work on', 4, '2025-11-06 18:00:00+00', NULL, '2025-11-06 18:00:00+00', '2025-11-06 18:00:00+00'),
  ('d1000001-0006-4001-8001-000000000006', 'practice_entry', '51a10001-0003-4001-8001-000000000003', NULL, 'Scales: add triplets @50, F & Fm', 4, '2025-11-13 18:00:00+00', NULL, '2025-11-13 18:00:00+00', '2025-11-13 18:00:00+00'),
  ('d1000001-0007-4001-8001-000000000007', 'practice_entry', '51a10001-0003-4001-8001-000000000003', 'e07a9e85-307a-4af9-8966-d1e824ec9ddb', 'Ballade - bass as separate idea, practice LH thumb', 4, '2025-11-13 18:00:00+00', NULL, '2025-11-13 18:00:00+00', '2025-11-13 18:00:00+00'),
  ('d1000001-0008-4001-8001-000000000008', 'practice_entry', '51a10001-0004-4001-8001-000000000004', NULL, 'F scale + Bb - close the eyes', 4, '2025-11-20 18:00:00+00', NULL, '2025-11-20 18:00:00+00', '2025-11-20 18:00:00+00'),
  ('d1000001-0009-4001-8001-000000000009', 'practice_entry', '51a10001-0004-4001-8001-000000000004', 'c6b8d48f-e6de-41ce-bd32-5ec49b40de23', 'Scherzo - practice just the bass line', 4, '2025-11-20 18:00:00+00', NULL, '2025-11-20 18:00:00+00', '2025-11-20 18:00:00+00'),
  ('d1000001-000a-4001-8001-00000000000a', 'practice_entry', '51a10001-0006-4001-8001-000000000006', 'c6b8d48f-e6de-41ce-bd32-5ec49b40de23', 'Scherzo coda chromatic scales', 4, '2025-12-06 18:00:00+00', NULL, '2025-12-06 18:00:00+00', '2025-12-06 18:00:00+00'),
  ('d1000001-000b-4001-8001-00000000000b', 'practice_entry', '51a10001-0009-4001-8001-000000000009', 'e07a9e85-307a-4af9-8966-d1e824ec9ddb', 'Ballade Theme 2 @40', 4, '2026-02-24 18:00:00+00', NULL, '2026-02-24 18:00:00+00', '2026-02-24 18:00:00+00'),
  ('d1000001-000c-4001-8001-00000000000c', 'practice_entry', '51a10001-0009-4001-8001-000000000009', 'e07a9e85-307a-4af9-8966-d1e824ec9ddb', 'Ballade Coda @40', 4, '2026-02-24 18:00:00+00', NULL, '2026-02-24 18:00:00+00', '2026-02-24 18:00:00+00'),
  ('d1000001-000d-4001-8001-00000000000d', 'practice_entry', '51a10001-0009-4001-8001-000000000009', 'e07a9e85-307a-4af9-8966-d1e824ec9ddb', 'Pre-coda arpeggios @72', 4, '2026-02-24 18:00:00+00', NULL, '2026-02-24 18:00:00+00', '2026-02-24 18:00:00+00'),
  ('d1000001-000e-4001-8001-00000000000e', 'practice_entry', '51a10001-0009-4001-8001-000000000009', 'c6b8d48f-e6de-41ce-bd32-5ec49b40de23', 'Scherzo Coda @40', 4, '2026-02-24 18:00:00+00', NULL, '2026-02-24 18:00:00+00', '2026-02-24 18:00:00+00'),
  ('d1000001-000f-4001-8001-00000000000f', 'practice_entry', '51a10001-000a-4001-8001-00000000000a', 'e07a9e85-307a-4af9-8966-d1e824ec9ddb', 'Ballade Theme 1 variation II', 0, NULL, NULL, '2026-03-05 18:00:00+00', '2026-03-05 18:00:00+00'),
  ('d1000001-0010-4001-8001-000000000010', 'practice_entry', '51a10001-000a-4001-8001-00000000000a', 'c6b8d48f-e6de-41ce-bd32-5ec49b40de23', 'Scherzo Coda @60', 0, NULL, NULL, '2026-03-05 18:00:00+00', '2026-03-05 18:00:00+00'),
  ('d1000001-0011-4001-8001-000000000011', 'practice_entry', '51a10001-000b-4001-8001-00000000000b', NULL, 'Scales: melodic minor, 3 keys - Fm, Ab minor @72', 4, '2026-03-12 18:00:00+00', NULL, '2026-03-12 18:00:00+00', '2026-03-12 18:00:00+00'),
  ('d1000001-0012-4001-8001-000000000012', 'practice_entry', '51a10001-000b-4001-8001-00000000000b', 'c6b8d48f-e6de-41ce-bd32-5ec49b40de23', 'Bring Scherzo score - play and explain marks', 4, '2026-03-12 18:00:00+00', NULL, '2026-03-12 18:00:00+00', '2026-03-12 18:00:00+00'),
  ('3bc0abab-a040-4f47-8991-5551d4966783', 'practice_entry', '5421142a-2e0c-47cf-b0f9-79083fe858d6', NULL, 'Work on left hand separately', 0, NULL, NULL, '2026-03-19 13:00:00+00', '2026-03-19 13:00:00+00'),
  ('dff48827-5ad6-4c6e-8372-c8a2a329c4fd', 'practice_entry', '1d4acd07-6cdc-4726-8f94-8011b7192929', 'c6b8d48f-e6de-41ce-bd32-5ec49b40de23', 'Yes this is a nice thing', 0, NULL, NULL, '2026-03-19 13:00:00+00', '2026-03-19 13:00:00+00'),
  ('9f4ac81d-81ae-4276-90b6-584e21abc731', 'practice_entry', '1d4acd07-6cdc-4726-8f94-8011b7192929', 'c6b8d48f-e6de-41ce-bd32-5ec49b40de23', 'Do this', 0, NULL, NULL, '2026-03-19 13:00:01+00', '2026-03-19 13:00:01+00'),
  ('f8438861-34f0-47b0-9100-8937c6e03b24', 'practice_entry', 'c9f64cee-eedc-4dca-a8b8-fcf7bc7dcb41', '671174b8-96df-46b9-bc39-2ceb999a22da', 'Play the piece at', 0, NULL, NULL, '2026-03-19 13:00:00+00', '2026-03-19 13:00:00+00'),
  ('02d7e47d-21a1-4ada-8349-986a2d06dbe7', 'practice_entry', '5de3bc9e-ab5d-4b12-8d51-1461cea90b54', 'e07a9e85-307a-4af9-8966-d1e824ec9ddb', 'Learn the m72', 0, NULL, NULL, '2026-03-19 13:00:00+00', '2026-03-19 13:00:00+00');

-- Mentions
INSERT INTO mentions (id, piece_id, source_type, source_id, context_snippet, created_at) VALUES
  ('e1000001-0001-4001-8001-000000000001', 'b1a2c3d4-e5f6-4a7b-8c9d-0e1f2a3b4c5d', 'practice_entry', '51a10001-0001-4001-8001-000000000001', 'Work on Bruch Quintet', '2025-10-26 18:00:00+00'),
  ('e1000001-0002-4001-8001-000000000002', 'b1a2c3d4-e5f6-4a7b-8c9d-0e1f2a3b4c5d', 'practice_entry', '51a10001-0002-4001-8001-000000000002', 'Eb+ on Bruch Quintet', '2025-11-06 18:00:00+00'),
  ('e1000001-0003-4001-8001-000000000003', 'e07a9e85-307a-4af9-8966-d1e824ec9ddb', 'practice_entry', '51a10001-0003-4001-8001-000000000003', 'Ballade bass as separate idea', '2025-11-13 18:00:00+00'),
  ('e1000001-0004-4001-8001-000000000004', 'c6b8d48f-e6de-41ce-bd32-5ec49b40de23', 'practice_entry', '51a10001-0004-4001-8001-000000000004', 'Scherzo practice bass line', '2025-11-20 18:00:00+00'),
  ('e1000001-0005-4001-8001-000000000005', 'c6b8d48f-e6de-41ce-bd32-5ec49b40de23', 'practice_entry', '51a10001-0005-4001-8001-000000000005', 'Scherzo, Ballade coda, Beethoven', '2025-12-01 18:00:00+00'),
  ('e1000001-0006-4001-8001-000000000006', 'e07a9e85-307a-4af9-8966-d1e824ec9ddb', 'practice_entry', '51a10001-0005-4001-8001-000000000005', 'Scherzo, Ballade coda, Beethoven', '2025-12-01 18:00:00+00'),
  ('e1000001-0007-4001-8001-000000000007', 'c3d4e5f6-a7b8-4c9d-0e1f-2a3b4c5d6e7f', 'practice_entry', '51a10001-0005-4001-8001-000000000005', 'Scherzo, Ballade coda, Beethoven', '2025-12-01 18:00:00+00'),
  ('e1000001-0008-4001-8001-000000000008', 'c6b8d48f-e6de-41ce-bd32-5ec49b40de23', 'practice_entry', '51a10001-0006-4001-8001-000000000006', 'Scherzo coda, Bruch, Beethoven, Bach, Ballade', '2025-12-06 18:00:00+00'),
  ('e1000001-0009-4001-8001-000000000009', 'b1a2c3d4-e5f6-4a7b-8c9d-0e1f2a3b4c5d', 'practice_entry', '51a10001-0006-4001-8001-000000000006', 'Scherzo coda, Bruch, Beethoven, Bach, Ballade', '2025-12-06 18:00:00+00'),
  ('e1000001-000a-4001-8001-00000000000a', 'c3d4e5f6-a7b8-4c9d-0e1f-2a3b4c5d6e7f', 'practice_entry', '51a10001-0006-4001-8001-000000000006', 'Scherzo coda, Bruch, Beethoven, Bach, Ballade', '2025-12-06 18:00:00+00'),
  ('e1000001-000b-4001-8001-00000000000b', 'a2b3c4d5-e6f7-4a8b-9c0d-1e2f3a4b5c6d', 'practice_entry', '51a10001-0006-4001-8001-000000000006', 'Scherzo coda, Bruch, Beethoven, Bach, Ballade', '2025-12-06 18:00:00+00'),
  ('e1000001-000c-4001-8001-00000000000c', 'e07a9e85-307a-4af9-8966-d1e824ec9ddb', 'practice_entry', '51a10001-0006-4001-8001-000000000006', 'Scherzo coda, Bruch, Beethoven, Bach, Ballade', '2025-12-06 18:00:00+00'),
  ('e1000001-000d-4001-8001-00000000000d', 'c6b8d48f-e6de-41ce-bd32-5ec49b40de23', 'practice_entry', '51a10001-0007-4001-8001-000000000007', 'Scherzo, Ballade m180, Bruch fingering', '2026-01-10 18:00:00+00'),
  ('e1000001-000e-4001-8001-00000000000e', 'e07a9e85-307a-4af9-8966-d1e824ec9ddb', 'practice_entry', '51a10001-0007-4001-8001-000000000007', 'Scherzo, Ballade m180, Bruch fingering', '2026-01-10 18:00:00+00'),
  ('e1000001-000f-4001-8001-00000000000f', 'b1a2c3d4-e5f6-4a7b-8c9d-0e1f2a3b4c5d', 'practice_entry', '51a10001-0007-4001-8001-000000000007', 'Scherzo, Ballade m180, Bruch fingering', '2026-01-10 18:00:00+00'),
  ('e1000001-0010-4001-8001-000000000010', 'a2b3c4d5-e6f7-4a8b-9c0d-1e2f3a4b5c6d', 'practice_entry', '51a10001-0008-4001-8001-000000000008', 'Bach sinfonia, Ballade m215, Bruch, Scherzo', '2026-02-12 18:00:00+00'),
  ('e1000001-0011-4001-8001-000000000011', 'e07a9e85-307a-4af9-8966-d1e824ec9ddb', 'practice_entry', '51a10001-0008-4001-8001-000000000008', 'Bach sinfonia, Ballade m215, Bruch, Scherzo', '2026-02-12 18:00:00+00'),
  ('e1000001-0012-4001-8001-000000000012', 'b1a2c3d4-e5f6-4a7b-8c9d-0e1f2a3b4c5d', 'practice_entry', '51a10001-0008-4001-8001-000000000008', 'Bach sinfonia, Ballade m215, Bruch, Scherzo', '2026-02-12 18:00:00+00'),
  ('e1000001-0013-4001-8001-000000000013', 'c6b8d48f-e6de-41ce-bd32-5ec49b40de23', 'practice_entry', '51a10001-0008-4001-8001-000000000008', 'Bach sinfonia, Ballade m215, Bruch, Scherzo', '2026-02-12 18:00:00+00'),
  ('e1000001-0014-4001-8001-000000000014', 'e07a9e85-307a-4af9-8966-d1e824ec9ddb', 'practice_entry', '51a10001-0009-4001-8001-000000000009', 'Ballade Theme 2 @40, Scherzo Coda @40', '2026-02-24 18:00:00+00'),
  ('e1000001-0015-4001-8001-000000000015', 'c6b8d48f-e6de-41ce-bd32-5ec49b40de23', 'practice_entry', '51a10001-0009-4001-8001-000000000009', 'Ballade Theme 2 @40, Scherzo Coda @40', '2026-02-24 18:00:00+00'),
  ('e1000001-0016-4001-8001-000000000016', 'e07a9e85-307a-4af9-8966-d1e824ec9ddb', 'practice_entry', '51a10001-000a-4001-8001-00000000000a', 'Ballade Theme 1 var II, Scherzo Coda @60', '2026-03-05 18:00:00+00'),
  ('e1000001-0017-4001-8001-000000000017', 'c6b8d48f-e6de-41ce-bd32-5ec49b40de23', 'practice_entry', '51a10001-000a-4001-8001-00000000000a', 'Ballade Theme 1 var II, Scherzo Coda @60', '2026-03-05 18:00:00+00'),
  ('e1000001-0018-4001-8001-000000000018', 'c6b8d48f-e6de-41ce-bd32-5ec49b40de23', 'practice_entry', '51a10001-000b-4001-8001-00000000000b', 'Scherzo score, explain marks', '2026-03-12 18:00:00+00'),
  ('e1000001-0019-4001-8001-000000000019', 'c6b8d48f-e6de-41ce-bd32-5ec49b40de23', 'practice_entry', '51a10001-000c-4001-8001-00000000000c', 'Scherzo @84 still struggling', '2026-03-13 18:00:00+00'),
  ('a5f52a8f-ea14-460b-8757-2626fe81120d', 'c6b8d48f-e6de-41ce-bd32-5ec49b40de23', 'practice_entry', '5421142a-2e0c-47cf-b0f9-79083fe858d6', 'Worked on  at', '2026-03-19 13:00:00+00');

-- Practice entries
INSERT INTO practice_entries (id, date, type, created_at) VALUES
  ('ac3b09f2-f7c0-4963-9373-7ae2370aff7a', '2026-03-19', 'practice', '2026-03-19 13:00:00+00');

-- Practice entry sections
INSERT INTO practice_entry_sections (id, practice_entry_id, piece_id, category, sort_order, content, created_at, updated_at) VALUES
  ('5421142a-2e0c-47cf-b0f9-79083fe858d6', 'ac3b09f2-f7c0-4963-9373-7ae2370aff7a', NULL, 'general', 0,
   '{"type": "doc", "content": [{"type": "paragraph", "content": [{"text": "Worked on ", "type": "text"}, {"type": "pieceMention", "attrs": {"id": "c6b8d48f-e6de-41ce-bd32-5ec49b40de23", "name": "Scherzo No. 2 in B-flat minor", "composer": "Chopin"}}, {"text": " at ", "type": "text"}, {"type": "metronomeMarking", "attrs": {"bpm": 72}}]}, {"type": "taskList", "content": [{"type": "taskItem", "attrs": {"taskId": "3bc0abab-a040-4f47-8991-5551d4966783", "checked": false}, "content": [{"type": "paragraph", "content": [{"text": "Work on left hand separately", "type": "text"}]}]}]}, {"type": "paragraph"}]}'::jsonb,
   '2026-03-19 13:00:00+00', '2026-03-19 13:00:00+00'),
  ('d002086f-651e-4689-88ac-c77e05ef138d', 'ac3b09f2-f7c0-4963-9373-7ae2370aff7a', NULL, 'technique', 2, NULL,
   '2026-03-19 13:00:00+00', '2026-03-19 13:00:00+00'),
  ('8d5be998-16e5-46a1-8f14-cf7903769c9f', 'ac3b09f2-f7c0-4963-9373-7ae2370aff7a', NULL, 'sight_reading', 3, NULL,
   '2026-03-19 13:00:00+00', '2026-03-19 13:00:00+00'),
  ('1d4acd07-6cdc-4726-8f94-8011b7192929', 'ac3b09f2-f7c0-4963-9373-7ae2370aff7a', 'c6b8d48f-e6de-41ce-bd32-5ec49b40de23', 'piece', 1,
   '{"type": "doc", "content": [{"type": "paragraph", "content": [{"text": "Good progress", "type": "text"}]}, {"type": "taskList", "content": [{"type": "taskItem", "attrs": {"taskId": "dff48827-5ad6-4c6e-8372-c8a2a329c4fd", "checked": false}, "content": [{"type": "paragraph", "content": [{"text": "Yes this is a nice thing", "type": "text"}]}]}, {"type": "taskItem", "attrs": {"taskId": "9f4ac81d-81ae-4276-90b6-584e21abc731", "checked": false}, "content": [{"type": "paragraph", "content": [{"text": "Do this ", "type": "text"}, {"type": "metronomeMarking", "attrs": {"bpm": 20}}]}]}]}, {"type": "paragraph"}]}'::jsonb,
   '2026-03-19 13:00:00+00', '2026-03-19 13:00:00+00'),
  ('c9f64cee-eedc-4dca-a8b8-fcf7bc7dcb41', 'ac3b09f2-f7c0-4963-9373-7ae2370aff7a', '671174b8-96df-46b9-bc39-2ceb999a22da', 'piece', 4,
   '{"type": "doc", "content": [{"type": "taskList", "content": [{"type": "taskItem", "attrs": {"taskId": "f8438861-34f0-47b0-9100-8937c6e03b24", "checked": false}, "content": [{"type": "paragraph", "content": [{"text": "Play the piece at ", "type": "text"}, {"type": "metronomeMarking", "attrs": {"bpm": 40}}]}]}]}, {"type": "paragraph", "content": [{"text": "I should probably focus on the left hand", "type": "text"}]}]}'::jsonb,
   '2026-03-19 13:00:00+00', '2026-03-19 13:00:00+00'),
  ('5de3bc9e-ab5d-4b12-8d51-1461cea90b54', 'ac3b09f2-f7c0-4963-9373-7ae2370aff7a', 'e07a9e85-307a-4af9-8966-d1e824ec9ddb', 'piece', 5,
   '{"type": "doc", "content": [{"type": "taskList", "content": [{"type": "taskItem", "attrs": {"taskId": "02d7e47d-21a1-4ada-8349-986a2d06dbe7", "checked": false}, "content": [{"type": "paragraph", "content": [{"text": "Learn the m72 ", "type": "text"}, {"type": "metronomeMarking", "attrs": {"bpm": 40}}]}]}]}, {"type": "paragraph"}]}'::jsonb,
   '2026-03-19 13:00:00+00', '2026-03-19 13:00:00+00');


-- Practice sessions (from CSV export)
INSERT INTO practice_sessions (id, date, started_at, ended_at, created_at) VALUES
  ('ed4f74bb-8afe-4aa0-a4e6-3feb2235d1ba', '2026-03-19', '2026-03-19T14:44:46+00', '2026-03-19T14:44:54+00', '2026-03-19T14:44:46+00'),
  ('d834ef53-7c90-4292-aeb3-24468cd2cd12', '2026-03-19', '2026-03-19T13:59:17+00', '2026-03-19T14:44:41+00', '2026-03-19T13:59:17+00'),
  ('75682ac1-9ec4-4175-a040-68e1287b8911', '2026-03-18', '2026-03-19T02:55:39+00', '2026-03-19T02:59:23+00', '2026-03-19T02:55:39+00'),
  ('736be0eb-9d9c-4805-a785-c258b833a68f', '2026-03-18', '2026-03-18T18:47:41+00', '2026-03-18T19:43:39+00', '2026-03-18T18:47:41+00'),
  ('1db50513-5971-43ae-a0a9-d4bf043f93b7', '2026-03-18', '2026-03-18T14:30:17+00', '2026-03-18T15:02:18+00', '2026-03-18T14:30:17+00'),
  ('9218d68a-a71b-4d5c-a1eb-bd35d71bee39', '2026-03-17', '2026-03-17T20:41:31+00', '2026-03-17T21:13:22+00', '2026-03-17T20:41:31+00'),
  ('1664b042-b1ac-4242-a136-45fffbe7c91f', '2026-03-17', '2026-03-17T15:04:51+00', '2026-03-17T15:43:37+00', '2026-03-17T15:04:51+00'),
  ('d3123c6f-087c-49dc-ae9f-32fbff4cb1dd', '2026-03-17', '2026-03-17T13:33:20+00', '2026-03-17T14:47:48+00', '2026-03-17T13:33:20+00'),
  ('ab91d7da-4afd-4389-ac67-21bd7e5ea3e6', '2026-03-16', '2026-03-17T02:55:16+00', '2026-03-17T03:15:08+00', '2026-03-17T02:55:16+00'),
  ('c6451f20-65cc-4b58-a69d-f5e76317566a', '2026-03-16', '2026-03-17T01:35:12+00', '2026-03-17T02:13:08+00', '2026-03-17T01:35:12+00'),
  ('837eb85d-fa1e-4676-a53e-2c4d791a934b', '2026-03-13', '2026-03-13T15:36:51+00', '2026-03-13T15:46:48+00', '2026-03-13T15:36:51+00'),
  ('e6996ef1-745d-4d0f-a205-734fc793e2ae', '2026-03-13', '2026-03-13T14:36:18+00', '2026-03-13T15:15:30+00', '2026-03-13T14:36:18+00'),
  ('57936cfa-c559-4aa4-a6a6-37815edac37c', '2026-03-12', '2026-03-12T19:45:11+00', '2026-03-12T19:50:24+00', '2026-03-12T19:45:11+00'),
  ('1414035f-1e5a-4dc6-ab11-74e6a6131f60', '2026-03-12', '2026-03-12T16:18:22+00', '2026-03-12T16:41:09+00', '2026-03-12T16:18:22+00'),
  ('1a9533df-4e77-4f01-a706-a2b1f0ed022e', '2026-03-11', '2026-03-11T18:24:34+00', '2026-03-11T18:44:26+00', '2026-03-11T18:24:34+00'),
  ('3c6a29b1-adc1-40a1-ad74-d89782361a4e', '2026-03-11', '2026-03-11T15:24:08+00', '2026-03-11T15:41:27+00', '2026-03-11T15:24:08+00'),
  ('621662c3-23f7-4f99-a3c9-4380c93b7716', '2026-03-11', '2026-03-11T13:56:25+00', '2026-03-11T14:41:14+00', '2026-03-11T13:56:25+00'),
  ('40f8bee1-e8af-4586-a29d-12fafc62dcb0', '2026-03-10', '2026-03-11T04:00:17+00', '2026-03-11T04:19:23+00', '2026-03-11T04:00:17+00'),
  ('c672151e-961b-454f-a588-8f4431a49fd9', '2026-03-10', '2026-03-10T22:32:59+00', '2026-03-10T22:45:03+00', '2026-03-10T22:32:59+00'),
  ('83b8f721-6b33-457c-a862-8a55a4f7af93', '2026-03-10', '2026-03-10T21:28:37+00', '2026-03-10T21:42:32+00', '2026-03-10T21:28:37+00'),
  ('4415cd33-2968-436f-ac02-d3bc04d72253', '2026-03-10', '2026-03-10T21:02:06+00', '2026-03-10T21:12:10+00', '2026-03-10T21:02:06+00'),
  ('bd03d509-c3f9-4da4-a7dc-67d56748698d', '2026-03-10', '2026-03-10T14:21:54+00', '2026-03-10T14:35:00+00', '2026-03-10T14:21:54+00'),
  ('900da298-1a92-4e0d-a776-065869072b1f', '2026-03-09', '2026-03-09T21:56:16+00', '2026-03-09T22:10:57+00', '2026-03-09T21:56:16+00'),
  ('17ecf636-0715-4bbd-a005-ba56ba794044', '2026-03-09', '2026-03-09T19:55:08+00', '2026-03-09T20:26:32+00', '2026-03-09T19:55:08+00'),
  ('4ebd4f7e-109a-4252-a788-c967d744d358', '2026-03-09', '2026-03-09T15:43:11+00', '2026-03-09T16:28:07+00', '2026-03-09T15:43:11+00'),
  ('f71cc12e-da8f-42dd-a194-e96b03a091de', '2026-03-09', '2026-03-09T14:11:45+00', '2026-03-09T14:41:26+00', '2026-03-09T14:11:45+00'),
  ('9be2c22d-d8cc-4da0-a179-acb135d7401d', '2026-03-08', '2026-03-08T23:14:20+00', '2026-03-08T23:28:14+00', '2026-03-08T23:14:20+00'),
  ('89b28ede-df96-4367-ae05-3d68b0ca0e0f', '2026-03-08', '2026-03-08T22:05:20+00', '2026-03-08T22:05:33+00', '2026-03-08T22:05:20+00'),
  ('f4af1889-8a60-4cda-ad83-b638b6e94825', '2026-03-08', '2026-03-08T22:04:40+00', '2026-03-08T22:05:10+00', '2026-03-08T22:04:40+00'),
  ('654cdb77-6019-4245-a792-6a76e1a7ed37', '2026-03-08', '2026-03-08T22:04:13+00', '2026-03-08T22:04:13+00', '2026-03-08T22:04:13+00'),
  ('f87ba19c-cc41-447a-a12f-23c6fd67d3d2', '2026-03-08', '2026-03-08T21:56:40+00', '2026-03-08T22:00:16+00', '2026-03-08T21:56:40+00'),
  ('444f8d7b-8c11-44b1-a685-9d2edab0d593', '2026-03-08', '2026-03-08T15:09:21+00', '2026-03-08T15:37:20+00', '2026-03-08T15:09:21+00'),
  ('852ee2b4-93c2-43b5-a7e3-152c993442cc', '2026-03-07', '2026-03-07T23:28:54+00', '2026-03-07T23:34:35+00', '2026-03-07T23:28:54+00'),
  ('e90d0d4b-6263-4608-a7a8-59be5e3e14d4', '2026-03-07', '2026-03-07T23:07:41+00', '2026-03-07T23:20:25+00', '2026-03-07T23:07:41+00'),
  ('9923b851-d98e-4c16-aac9-df88a69d6065', '2026-03-07', '2026-03-07T22:35:00+00', '2026-03-07T22:52:12+00', '2026-03-07T22:35:00+00'),
  ('0bd038dd-0ce5-40d3-ac44-bfb8b08f746f', '2026-03-07', '2026-03-07T18:17:42+00', '2026-03-07T18:34:54+00', '2026-03-07T18:17:42+00'),
  ('2582e51b-50cb-4931-ac18-c68706e33d77', '2026-03-07', '2026-03-07T14:35:02+00', '2026-03-07T15:26:06+00', '2026-03-07T14:35:02+00'),
  ('370ce52e-3780-412d-adaf-62b03c59dd75', '2026-03-06', '2026-03-07T00:05:07+00', '2026-03-07T00:17:02+00', '2026-03-07T00:05:07+00'),
  ('c04d64cd-b8fc-4832-add9-abc6bcdb46ba', '2026-03-06', '2026-03-06T23:36:30+00', '2026-03-07T00:05:06+00', '2026-03-06T23:36:30+00'),
  ('139675bf-f03b-4058-a598-ecd5880dd1f3', '2026-03-06', '2026-03-06T21:04:54+00', '2026-03-06T21:27:24+00', '2026-03-06T21:04:54+00'),
  ('359d4a94-1484-46aa-a16a-335c6638b137', '2026-03-06', '2026-03-06T20:27:50+00', '2026-03-06T20:53:50+00', '2026-03-06T20:27:50+00'),
  ('d88daa98-37d1-4cfc-ad92-9e1926e8ef95', '2026-03-06', '2026-03-06T16:25:40+00', '2026-03-06T16:37:47+00', '2026-03-06T16:25:40+00'),
  ('ca04602d-f0fe-416b-a206-065cdfe61587', '2026-03-05', '2026-03-05T21:57:59+00', '2026-03-05T22:33:19+00', '2026-03-05T21:57:59+00'),
  ('2b1cfbb2-68bd-4dcb-aee2-e0c08afdc7b0', '2026-03-05', '2026-03-05T15:37:07+00', '2026-03-05T15:53:14+00', '2026-03-05T15:37:07+00'),
  ('614123ca-4b4c-40e0-aced-244f54a8e3d1', '2026-03-04', '2026-03-04T18:48:58+00', '2026-03-04T19:24:56+00', '2026-03-04T18:48:58+00'),
  ('d891d779-34c4-4553-ac8a-6574c32568f8', '2026-03-04', '2026-03-04T16:03:24+00', '2026-03-04T16:26:02+00', '2026-03-04T16:03:24+00'),
  ('ca9fe057-0cd6-43cb-a008-ebdf9ee460ef', '2026-03-04', '2026-03-04T14:48:18+00', '2026-03-04T15:37:53+00', '2026-03-04T14:48:18+00'),
  ('7c8319ed-594d-4d32-a9f4-3b7bcda9ce93', '2026-03-02', '2026-03-02T22:16:54+00', '2026-03-02T22:33:18+00', '2026-03-02T22:16:54+00'),
  ('b2f3969d-9e50-4ed8-a1b8-c99e65039f70', '2026-03-02', '2026-03-02T21:39:39+00', '2026-03-02T21:39:39+00', '2026-03-02T21:39:39+00'),
  ('904f22f7-3de4-4209-aa71-f3ccf4f1aa5a', '2026-03-02', '2026-03-02T16:04:21+00', '2026-03-02T16:19:05+00', '2026-03-02T16:04:21+00'),
  ('01558b98-8e77-4552-aff2-81d03dcbb847', '2026-03-02', '2026-03-02T14:35:10+00', '2026-03-02T15:31:37+00', '2026-03-02T14:35:10+00'),
  ('e385f9aa-58f1-4f01-a649-6203a350629e', '2026-03-01', '2026-03-02T01:20:37+00', '2026-03-02T01:55:55+00', '2026-03-02T01:20:37+00'),
  ('2dee38c2-0c9f-4069-ae68-0a726aa609ff', '2026-03-01', '2026-03-01T16:33:37+00', '2026-03-01T17:38:55+00', '2026-03-01T16:33:37+00'),
  ('5281af6e-51a8-463e-a512-454e24ea7ec7', '2026-02-28', '2026-02-28T22:26:35+00', '2026-02-28T22:34:17+00', '2026-02-28T22:26:35+00'),
  ('40dd0b51-0c91-4f82-a4f8-8fec0b2a67de', '2026-02-28', '2026-02-28T20:18:42+00', '2026-02-28T21:03:01+00', '2026-02-28T20:18:42+00'),
  ('0bb8c07c-15d2-415f-a5a3-ce4471187ce1', '2026-02-28', '2026-02-28T14:09:50+00', '2026-02-28T15:19:43+00', '2026-02-28T14:09:50+00'),
  ('9916cd91-d821-4959-ae65-ae89fd9f200f', '2026-02-25', '2026-02-25T19:12:27+00', '2026-02-25T19:40:59+00', '2026-02-25T19:12:27+00'),
  ('72367a94-4c59-44ab-a89a-aae44d5707bc', '2026-02-24', '2026-02-25T00:20:43+00', '2026-02-25T01:52:37+00', '2026-02-25T00:20:43+00'),
  ('ccd9a9ae-3e91-4e8b-a422-0ec6a26c100f', '2026-02-23', '2026-02-23T22:34:02+00', '2026-02-23T22:55:24+00', '2026-02-23T22:34:02+00'),
  ('cdc7d213-73af-4ce1-aada-c02ec309f9a7', '2026-02-23', '2026-02-23T21:02:42+00', '2026-02-23T21:29:37+00', '2026-02-23T21:02:42+00'),
  ('f390e085-dcc2-4273-a54e-cde8fe8a1734', '2026-02-23', '2026-02-23T18:54:31+00', '2026-02-23T19:30:13+00', '2026-02-23T18:54:31+00'),
  ('303fb104-a00c-454f-ad5b-99e09e8e1482', '2026-02-23', '2026-02-23T15:20:05+00', '2026-02-23T15:59:12+00', '2026-02-23T15:20:05+00'),
  ('4e77911e-3257-4bf2-a9d6-3e870a205bdf', '2026-02-22', '2026-02-22T23:53:14+00', '2026-02-23T00:57:15+00', '2026-02-22T23:53:14+00'),
  ('2f398417-29a8-4381-a910-47c14073b7bb', '2026-02-15', '2026-02-15T20:25:11+00', '2026-02-15T20:25:12+00', '2026-02-15T20:25:11+00'),
  ('78fd40cb-3457-4766-afd6-7249a6a1b51d', '2026-02-15', '2026-02-15T19:40:48+00', '2026-02-15T19:47:39+00', '2026-02-15T19:40:48+00'),
  ('74a89681-1b9f-4b97-a17d-8ff705781427', '2026-02-14', '2026-02-14T15:44:56+00', '2026-02-14T16:18:15+00', '2026-02-14T15:44:56+00'),
  ('47f65425-8649-4bfc-a1e0-60e9585cdbed', '2026-02-13', '2026-02-13T20:54:02+00', '2026-02-13T21:09:03+00', '2026-02-13T20:54:02+00'),
  ('73f44835-a9ec-41f0-a3f3-057857a0c07a', '2026-02-13', '2026-02-13T19:41:57+00', '2026-02-13T20:34:12+00', '2026-02-13T19:41:57+00'),
  ('0aef59cb-cb13-4b0f-a88c-bf906ef5c370', '2026-02-12', '2026-02-12T22:09:04+00', '2026-02-12T22:25:36+00', '2026-02-12T22:09:04+00'),
  ('45244b3f-510e-4cca-ac5b-cffa34002dbb', '2026-02-12', '2026-02-12T20:02:18+00', '2026-02-12T20:04:42+00', '2026-02-12T20:02:18+00'),
  ('42a43efd-7671-4941-a935-5db52d28c579', '2026-02-12', '2026-02-12T15:15:30+00', '2026-02-12T15:51:02+00', '2026-02-12T15:15:30+00'),
  ('5f1b39cb-288f-410e-afa4-95d4aef33ba3', '2026-02-11', '2026-02-11T23:06:31+00', '2026-02-11T23:19:30+00', '2026-02-11T23:06:31+00'),
  ('7d16be41-f4c4-4a93-aaf9-f082cbea8182', '2026-02-10', '2026-02-11T00:17:52+00', '2026-02-11T00:42:33+00', '2026-02-11T00:17:52+00'),
  ('ff657f09-c5e4-40f6-a730-9a8b39a47547', '2026-02-10', '2026-02-10T21:00:45+00', '2026-02-10T21:27:49+00', '2026-02-10T21:00:45+00'),
  ('0f3bbdd4-eb00-4e65-a605-84eb2d5d6120', '2026-02-10', '2026-02-10T19:36:26+00', '2026-02-10T19:50:42+00', '2026-02-10T19:36:26+00'),
  ('9174c126-f98a-4ab3-a36a-0200438c4d4b', '2026-02-10', '2026-02-10T19:16:15+00', '2026-02-10T19:19:50+00', '2026-02-10T19:16:15+00'),
  ('80bbf466-e125-4511-acfb-7f56388dd19c', '2026-02-10', '2026-02-10T16:32:01+00', '2026-02-10T16:43:35+00', '2026-02-10T16:32:01+00'),
  ('96eb5f32-5b9a-4ca2-ab4f-97150b22772f', '2026-02-10', '2026-02-10T15:29:38+00', '2026-02-10T15:58:47+00', '2026-02-10T15:29:38+00'),
  ('98ff607a-32e7-4422-a964-0f41e27c5d77', '2026-02-09', '2026-02-09T22:06:18+00', '2026-02-09T22:44:55+00', '2026-02-09T22:06:18+00'),
  ('8348f84d-3b68-402c-ad42-47eea7670966', '2026-02-09', '2026-02-09T18:47:10+00', '2026-02-09T19:03:09+00', '2026-02-09T18:47:10+00'),
  ('3c5e0130-f7aa-4839-a76e-5a85a00abac7', '2026-02-09', '2026-02-09T16:38:05+00', '2026-02-09T16:45:09+00', '2026-02-09T16:38:05+00'),
  ('a5275329-7006-4aa2-a53a-cbe21007d39b', '2026-02-09', '2026-02-09T16:27:15+00', '2026-02-09T16:34:57+00', '2026-02-09T16:27:15+00'),
  ('cba9012d-6c69-4786-a027-9497aa57bbc7', '2026-02-09', '2026-02-09T14:42:17+00', '2026-02-09T15:42:59+00', '2026-02-09T14:42:17+00'),
  ('15c8cbc1-2ba8-4200-a95c-f477950ed5cd', '2026-02-08', '2026-02-08T22:45:17+00', '2026-02-08T23:27:54+00', '2026-02-08T22:45:17+00'),
  ('b7fbf2b7-05ff-40bb-aa87-d1381c105a09', '2026-02-08', '2026-02-08T18:45:59+00', '2026-02-08T19:09:05+00', '2026-02-08T18:45:59+00'),
  ('deb2749f-6489-4f43-aee5-4038a1201cce', '2026-02-06', '2026-02-07T01:10:22+00', '2026-02-07T01:25:02+00', '2026-02-07T01:10:22+00'),
  ('959bb92f-d8b9-487f-a8e3-1120104f47ac', '2026-02-06', '2026-02-06T22:33:04+00', '2026-02-06T23:18:58+00', '2026-02-06T22:33:04+00'),
  ('43411aa4-1744-4b78-a431-80cbe64bc090', '2026-02-06', '2026-02-06T21:06:51+00', '2026-02-06T21:33:04+00', '2026-02-06T21:06:51+00'),
  ('716f8937-a0bb-4925-af80-60ccb8a9b6ee', '2026-01-27', '2026-01-27T21:07:15+00', '2026-01-27T21:55:10+00', '2026-01-27T21:07:15+00'),
  ('39897ca7-81ee-47e1-a69d-763e9acb05ee', '2026-01-27', '2026-01-27T16:01:34+00', '2026-01-27T16:28:46+00', '2026-01-27T16:01:34+00'),
  ('f97502f1-91cc-4166-a21d-3722fe7e43b1', '2026-01-26', '2026-01-26T21:33:26+00', '2026-01-26T21:38:00+00', '2026-01-26T21:33:26+00'),
  ('daefebf5-3033-443a-a1f2-152629c9eb4b', '2026-01-26', '2026-01-26T16:21:34+00', '2026-01-26T16:41:32+00', '2026-01-26T16:21:34+00'),
  ('fb0c774d-7c85-49a4-a2d1-b6775c867e11', '2026-01-23', '2026-01-23T21:44:03+00', '2026-01-23T21:52:12+00', '2026-01-23T21:44:03+00'),
  ('7921357b-2dd2-4102-ad90-5a4e473d44ad', '2026-01-22', '2026-01-22T23:17:36+00', '2026-01-22T23:49:32+00', '2026-01-22T23:17:36+00'),
  ('aa21c317-3cff-4fa4-ad22-e56b30315e5c', '2026-01-22', '2026-01-22T18:57:38+00', '2026-01-22T19:18:27+00', '2026-01-22T18:57:38+00'),
  ('d62b86bc-5824-47a8-ac7f-1f2aef7ee252', '2026-01-22', '2026-01-22T14:58:42+00', '2026-01-22T15:26:16+00', '2026-01-22T14:58:42+00'),
  ('ba4509d8-c266-443a-a88f-5f911762f306', '2026-01-20', '2026-01-20T16:05:29+00', '2026-01-20T16:44:24+00', '2026-01-20T16:05:29+00'),
  ('2d9fd875-7a8e-4efb-a6b3-d133c16a0707', '2026-01-19', '2026-01-19T23:22:06+00', '2026-01-20T00:06:38+00', '2026-01-19T23:22:06+00'),
  ('bec8aa45-424f-41d3-a871-a2e0434eac1d', '2026-01-19', '2026-01-19T20:45:05+00', '2026-01-19T21:18:08+00', '2026-01-19T20:45:05+00'),
  ('3c8a261a-e9c8-4b30-ae8f-fb35e739eca8', '2026-01-19', '2026-01-19T15:11:45+00', '2026-01-19T16:43:17+00', '2026-01-19T15:11:45+00'),
  ('4e0445bf-5aec-4c8f-aaee-36403e5f9849', '2026-01-16', '2026-01-16T23:00:21+00', '2026-01-16T23:12:30+00', '2026-01-16T23:00:21+00'),
  ('17d51224-9043-4eac-a2c2-e2c5f6b9f62b', '2026-01-16', '2026-01-16T21:45:05+00', '2026-01-16T22:09:10+00', '2026-01-16T21:45:05+00'),
  ('0ad26eb3-8afe-4ef3-a8f6-4e7014ca41c1', '2026-01-16', '2026-01-16T19:23:41+00', '2026-01-16T19:48:36+00', '2026-01-16T19:23:41+00'),
  ('bf6cb6f8-8039-49d5-a55e-519200cad867', '2026-01-16', '2026-01-16T16:38:29+00', '2026-01-16T16:46:04+00', '2026-01-16T16:38:29+00'),
  ('78254743-1be8-4a39-aed0-583601de6a74', '2026-01-16', '2026-01-16T15:54:45+00', '2026-01-16T16:00:14+00', '2026-01-16T15:54:45+00'),
  ('10c7786c-610e-433d-a713-56007f9c813e', '2026-01-16', '2026-01-16T15:08:49+00', '2026-01-16T15:47:01+00', '2026-01-16T15:08:49+00'),
  ('a931e7d3-3077-4c4d-a81f-035bfa072ec6', '2026-01-15', '2026-01-15T16:04:54+00', '2026-01-15T16:41:17+00', '2026-01-15T16:04:54+00'),
  ('85b31b1d-affb-4505-ad5f-f7eb3141566c', '2026-01-15', '2026-01-15T14:59:51+00', '2026-01-15T15:33:03+00', '2026-01-15T14:59:51+00'),
  ('35dc9180-5ebe-4b7d-aabb-81dc8ebdf308', '2026-01-14', '2026-01-15T00:50:46+00', '2026-01-15T01:04:58+00', '2026-01-15T00:50:46+00'),
  ('0d77717b-bbfa-4f53-a456-88b2f9e02e98', '2026-01-14', '2026-01-15T00:08:02+00', '2026-01-15T00:33:00+00', '2026-01-15T00:08:02+00'),
  ('80c01801-d822-4077-a299-433c9a3843af', '2026-01-13', '2026-01-13T16:15:10+00', '2026-01-13T16:40:22+00', '2026-01-13T16:15:10+00'),
  ('52492caf-830b-4dde-a335-dd6c2bfcd6ee', '2026-01-13', '2026-01-13T15:07:14+00', '2026-01-13T15:46:06+00', '2026-01-13T15:07:14+00'),
  ('ae74c387-0775-4fc4-a816-00dd02de6fa8', '2026-01-12', '2026-01-12T23:14:31+00', '2026-01-12T23:26:00+00', '2026-01-12T23:14:31+00'),
  ('5756e6b1-ddf9-4adf-acd9-dc05f5d99efb', '2026-01-12', '2026-01-12T19:19:25+00', '2026-01-12T20:41:12+00', '2026-01-12T19:19:25+00'),
  ('0c930e62-062c-4632-abf1-320081b0f961', '2026-01-10', '2026-01-10T14:29:30+00', '2026-01-10T14:46:01+00', '2026-01-10T14:29:30+00'),
  ('bb6b5f15-7d3d-4f3e-a2ab-fc7f06b4f027', '2026-01-09', '2026-01-09T21:57:01+00', '2026-01-09T22:21:30+00', '2026-01-09T21:57:01+00'),
  ('e33f9e95-4c58-4deb-adb6-3383f9539bf0', '2026-01-08', '2026-01-08T21:37:32+00', '2026-01-08T22:25:18+00', '2026-01-08T21:37:32+00'),
  ('38dc8f75-a9ad-48ba-ae47-d350ac2dc050', '2026-01-08', '2026-01-08T15:10:13+00', '2026-01-08T15:41:28+00', '2026-01-08T15:10:13+00'),
  ('da72ff0e-7bb2-47ea-ac6c-194e59ee164f', '2026-01-06', '2026-01-06T16:05:07+00', '2026-01-06T16:41:19+00', '2026-01-06T16:05:07+00'),
  ('56fe7605-7817-4767-ade7-70a8d3beb593', '2026-01-06', '2026-01-06T15:44:53+00', '2026-01-06T16:01:46+00', '2026-01-06T15:44:53+00'),
  ('5170bc26-3f3f-4a36-abbb-71fc64a8d2b7', '2026-01-06', '2026-01-06T14:00:21+00', '2026-01-06T14:38:57+00', '2026-01-06T14:00:21+00'),
  ('c8989c3c-f295-4f37-a2d9-f1327ba38fb2', '2026-01-05', '2026-01-06T00:54:21+00', '2026-01-06T01:18:30+00', '2026-01-06T00:54:21+00'),
  ('f99532ff-5f9c-4fcf-a0cf-31b2384cc388', '2026-01-05', '2026-01-05T22:09:08+00', '2026-01-05T22:11:10+00', '2026-01-05T22:09:08+00'),
  ('5548e207-7402-4e9f-ac34-a172b0018ff0', '2026-01-05', '2026-01-05T21:39:51+00', '2026-01-05T22:02:11+00', '2026-01-05T21:39:51+00'),
  ('3a584fb2-6f03-4a9c-a2b0-4d919740c5a5', '2026-01-05', '2026-01-05T19:20:13+00', '2026-01-05T20:01:32+00', '2026-01-05T19:20:13+00'),
  ('9b06d8ca-8b97-4919-aa63-ddd16afb0bc7', '2026-01-05', '2026-01-05T19:00:57+00', '2026-01-05T19:02:00+00', '2026-01-05T19:00:57+00'),
  ('61e2a3b7-eaf3-4075-af57-0e440390bb0d', '2026-01-05', '2026-01-05T16:07:03+00', '2026-01-05T16:41:37+00', '2026-01-05T16:07:03+00'),
  ('b88f645e-581a-4b42-afaa-93b17ef42f92', '2026-01-05', '2026-01-05T14:57:52+00', '2026-01-05T16:05:56+00', '2026-01-05T14:57:52+00'),
  ('78ba1438-b933-4900-a599-9bf04051490b', '2026-01-04', '2026-01-04T23:00:00+00', '2026-01-04T23:32:46+00', '2026-01-04T23:00:00+00'),
  ('1b6c51ad-cf8c-4688-ad1a-99d8aec43684', '2026-01-04', '2026-01-04T19:39:18+00', '2026-01-04T20:36:27+00', '2026-01-04T19:39:18+00'),
  ('d4e3ef9f-cc0d-4d28-afb5-74d236de1bfa', '2026-01-04', '2026-01-04T18:05:44+00', '2026-01-04T18:28:12+00', '2026-01-04T18:05:44+00'),
  ('530a56fe-755c-465e-ae01-2f92c8c57b42', '2026-01-04', '2026-01-04T14:49:45+00', '2026-01-04T16:15:11+00', '2026-01-04T14:49:45+00'),
  ('9c2a8981-c346-4e39-a3b0-bb8144bbb538', '2026-01-03', '2026-01-03T20:44:13+00', '2026-01-03T20:58:49+00', '2026-01-03T20:44:13+00'),
  ('868a2c2f-7d75-464c-a97a-37c6d4f144f1', '2026-01-03', '2026-01-03T19:10:52+00', '2026-01-03T19:52:30+00', '2026-01-03T19:10:52+00'),
  ('e514b349-9bc8-480f-abd6-82a1cf7fd308', '2026-01-03', '2026-01-03T14:07:58+00', '2026-01-03T15:43:15+00', '2026-01-03T14:07:58+00'),
  ('7389aa41-1fa2-4b66-a1c8-dae86a4c68aa', '2025-12-24', '2025-12-24T15:48:20+00', '2025-12-24T16:40:56+00', '2025-12-24T15:48:20+00'),
  ('2427c814-674e-4bfb-a150-ddf2d37e7418', '2025-12-24', '2025-12-24T15:06:03+00', '2025-12-24T15:44:23+00', '2025-12-24T15:06:03+00'),
  ('9ded0abb-2758-41b1-af24-af498e070f7e', '2025-12-22', '2025-12-22T16:28:29+00', '2025-12-22T16:36:57+00', '2025-12-22T16:28:29+00'),
  ('61c7e4c1-7b85-46f2-aa84-a1d9df5d484b', '2025-12-22', '2025-12-22T15:41:54+00', '2025-12-22T16:48:25+00', '2025-12-22T15:41:54+00'),
  ('da8ae193-2b0a-4f08-aba0-f2f258b89e3e', '2025-12-21', '2025-12-21T23:59:02+00', '2025-12-22T00:03:47+00', '2025-12-21T23:59:02+00'),
  ('9109cf61-27e2-44f9-aed4-ded6c47e063d', '2025-12-21', '2025-12-21T22:34:26+00', '2025-12-21T22:48:40+00', '2025-12-21T22:34:26+00'),
  ('be5e98fc-aed1-40af-a544-a3dd33001e41', '2025-12-21', '2025-12-21T19:51:04+00', '2025-12-21T20:28:37+00', '2025-12-21T19:51:04+00'),
  ('bb4baea3-1ea1-4bb8-a1b8-542701faa4df', '2025-12-21', '2025-12-21T18:52:23+00', '2025-12-21T19:09:43+00', '2025-12-21T18:52:23+00'),
  ('f2d66d6f-f630-4863-a804-8a0f30479402', '2025-12-21', '2025-12-21T17:59:01+00', '2025-12-21T18:47:01+00', '2025-12-21T17:59:01+00'),
  ('6a2c2fda-2717-49a5-a6a0-fca785eaf71d', '2025-12-21', '2025-12-21T17:46:27+00', '2025-12-21T17:52:23+00', '2025-12-21T17:46:27+00'),
  ('0cafe5bb-0487-4069-a280-3d5f3662796c', '2025-12-20', '2025-12-21T02:24:41+00', '2025-12-21T02:52:36+00', '2025-12-21T02:24:41+00'),
  ('58da034e-b2e5-4224-a256-fa0da2c7a0c8', '2025-12-19', '2025-12-20T00:38:24+00', '2025-12-20T00:46:48+00', '2025-12-20T00:38:24+00'),
  ('fe04b06e-cd5b-4188-ac74-c302ed05c538', '2025-12-19', '2025-12-19T21:21:29+00', '2025-12-19T21:48:38+00', '2025-12-19T21:21:29+00'),
  ('a87f0034-6840-4049-a206-bef406f347e4', '2025-12-19', '2025-12-19T14:40:07+00', '2025-12-19T15:34:36+00', '2025-12-19T14:40:07+00'),
  ('08deac6f-5b55-4b10-a87e-15fdeb7797af', '2025-12-18', '2025-12-19T03:12:21+00', '2025-12-19T03:29:37+00', '2025-12-19T03:12:21+00'),
  ('a0c2048f-a5d3-4345-ab59-eb6b9750c6d4', '2025-12-18', '2025-12-19T01:20:51+00', '2025-12-19T01:29:46+00', '2025-12-19T01:20:51+00'),
  ('2b3377c4-49b1-401c-a1fd-e02600dc38d2', '2025-12-18', '2025-12-19T00:06:00+00', '2025-12-19T00:37:48+00', '2025-12-19T00:06:00+00'),
  ('03e31403-588d-4a29-a3ab-cb0220c05dbc', '2025-12-18', '2025-12-18T18:14:56+00', '2025-12-18T18:28:58+00', '2025-12-18T18:14:56+00'),
  ('0fe75bfb-ad77-4f63-a23d-b58e6d82e216', '2025-12-18', '2025-12-18T16:33:30+00', '2025-12-18T16:40:46+00', '2025-12-18T16:33:30+00'),
  ('eb4ee4ef-d2b9-4617-a9dc-5e3039bf1765', '2025-12-18', '2025-12-18T15:45:45+00', '2025-12-18T15:59:59+00', '2025-12-18T15:45:45+00'),
  ('91c215a0-006a-48de-a563-102c7dd23ab4', '2025-12-18', '2025-12-18T14:29:38+00', '2025-12-18T15:37:20+00', '2025-12-18T14:29:38+00'),
  ('fdcb76d7-b484-4b06-a216-6b5938207737', '2025-12-17', '2025-12-17T23:47:11+00', '2025-12-18T00:11:35+00', '2025-12-17T23:47:11+00'),
  ('0fd2e7ea-3223-4b5d-a17a-0d9e473dbce0', '2025-12-17', '2025-12-17T19:27:25+00', '2025-12-17T19:59:17+00', '2025-12-17T19:27:25+00'),
  ('be0bc962-c083-4646-a676-dfacde17d92b', '2025-12-17', '2025-12-17T16:15:04+00', '2025-12-17T16:40:33+00', '2025-12-17T16:15:04+00'),
  ('7ac26334-ceb4-4a84-ae9d-d76c36fb2dbe', '2025-12-17', '2025-12-17T14:22:39+00', '2025-12-17T16:01:44+00', '2025-12-17T14:22:39+00'),
  ('90f8e038-09f6-4926-ad44-bc68f138cd11', '2025-12-16', '2025-12-16T14:43:09+00', '2025-12-16T16:49:26+00', '2025-12-16T14:43:09+00'),
  ('05d0d25f-83c9-480d-a8b5-94db71b75b3d', '2025-12-15', '2025-12-15T19:07:20+00', '2025-12-15T19:41:26+00', '2025-12-15T19:07:20+00'),
  ('cb4ec856-bb0e-4002-a69a-156c9524a873', '2025-12-15', '2025-12-15T16:25:38+00', '2025-12-15T16:43:51+00', '2025-12-15T16:25:38+00'),
  ('0339ce70-3a19-4212-aa60-111a9e77e35b', '2025-12-15', '2025-12-15T14:50:29+00', '2025-12-15T15:48:14+00', '2025-12-15T14:50:29+00'),
  ('50a774e0-5722-4a86-a32f-6a4fa983d429', '2025-12-15', '2025-12-15T14:34:17+00', '2025-12-15T14:50:26+00', '2025-12-15T14:34:17+00'),
  ('8ac20101-48bf-430a-a896-2cf0f3f0e836', '2025-12-13', '2025-12-13T17:02:56+00', '2025-12-13T17:34:26+00', '2025-12-13T17:02:56+00'),
  ('2e476bb4-3da1-4612-acc8-ae5ab526c353', '2025-12-13', '2025-12-13T16:15:09+00', '2025-12-13T16:51:18+00', '2025-12-13T16:15:09+00'),
  ('4589b02f-52aa-4cea-a902-a125279cabc6', '2025-12-13', '2025-12-13T14:36:32+00', '2025-12-13T15:22:32+00', '2025-12-13T14:36:32+00'),
  ('2babd272-80aa-476b-a9c1-a0e140628e38', '2025-12-12', '2025-12-13T00:31:00+00', '2025-12-13T00:48:28+00', '2025-12-13T00:31:00+00'),
  ('1d79f80b-cfea-4b65-af24-9e7af00d8faa', '2025-12-12', '2025-12-12T23:51:34+00', '2025-12-13T00:24:11+00', '2025-12-12T23:51:34+00'),
  ('e800eb77-274c-409b-a60f-c118fe80feb2', '2025-12-12', '2025-12-12T16:03:41+00', '2025-12-12T16:43:01+00', '2025-12-12T16:03:41+00'),
  ('8fd20d16-0d7f-42c9-a4b9-910e97a1380f', '2025-12-12', '2025-12-12T14:24:32+00', '2025-12-12T15:49:33+00', '2025-12-12T14:24:32+00'),
  ('b83e96f1-17ac-43ab-ad8c-7760628cd52e', '2025-12-11', '2025-12-12T04:00:08+00', '2025-12-12T04:25:53+00', '2025-12-12T04:00:08+00'),
  ('3f099413-6a84-489b-a574-1dffbe1da22d', '2025-12-11', '2025-12-12T03:46:49+00', '2025-12-12T03:52:27+00', '2025-12-12T03:46:49+00'),
  ('34d78290-72af-42a7-a441-8e02be037d27', '2025-12-11', '2025-12-11T21:48:06+00', '2025-12-11T22:13:59+00', '2025-12-11T21:48:06+00'),
  ('43e576c1-6f72-4641-abc2-588c686b3dc9', '2025-12-11', '2025-12-11T17:48:58+00', '2025-12-11T18:32:44+00', '2025-12-11T17:48:58+00'),
  ('5360f02f-7ce3-46f8-a82b-528068540f26', '2025-12-11', '2025-12-11T15:11:59+00', '2025-12-11T15:46:34+00', '2025-12-11T15:11:59+00'),
  ('458cca11-4fb4-4c4f-a8cb-a28f5059280d', '2025-12-10', '2025-12-11T00:09:57+00', '2025-12-11T00:20:41+00', '2025-12-11T00:09:57+00'),
  ('d313e045-fd8f-4db0-aaa7-20e08b8e3efa', '2025-12-10', '2025-12-10T21:50:01+00', '2025-12-10T22:16:00+00', '2025-12-10T21:50:01+00'),
  ('622cdf34-de9d-4c17-a789-91aaf09ac6ab', '2025-12-10', '2025-12-10T20:33:23+00', '2025-12-10T20:51:47+00', '2025-12-10T20:33:23+00'),
  ('0565ccbd-b178-4c98-a963-91cb79a420cd', '2025-12-10', '2025-12-10T19:32:01+00', '2025-12-10T20:13:42+00', '2025-12-10T19:32:01+00'),
  ('afb1185a-f52f-4bb4-a37c-abbeca82d3eb', '2025-12-09', '2025-12-09T19:28:13+00', '2025-12-09T19:55:54+00', '2025-12-09T19:28:13+00'),
  ('efb1ff13-6c18-4293-ae0b-c8762831433b', '2025-12-09', '2025-12-09T18:48:30+00', '2025-12-09T19:24:45+00', '2025-12-09T18:48:30+00'),
  ('f88df3f8-0fee-438c-a1d7-e72b9df938ac', '2025-12-09', '2025-12-09T15:20:50+00', '2025-12-09T15:57:44+00', '2025-12-09T15:20:50+00'),
  ('09ca5222-760c-4603-a1e8-508ef0440d59', '2025-12-08', '2025-12-08T19:13:12+00', '2025-12-08T19:42:27+00', '2025-12-08T19:13:12+00'),
  ('d8f355e0-7c62-43f0-abff-0917ee43e3c7', '2025-12-08', '2025-12-08T18:49:58+00', '2025-12-08T18:49:58+00', '2025-12-08T18:49:58+00'),
  ('ba66f902-e0f0-4ec9-a2ef-0365300b9698', '2025-12-08', '2025-12-08T15:57:57+00', '2025-12-08T16:43:04+00', '2025-12-08T15:57:57+00'),
  ('b0060b81-3fa9-4b6b-a500-63ed73665533', '2025-12-08', '2025-12-08T15:18:04+00', '2025-12-08T15:54:48+00', '2025-12-08T15:18:04+00'),
  ('1ab86320-3107-4900-abbf-3ce4e2028405', '2025-12-07', '2025-12-07T19:38:28+00', '2025-12-07T20:16:21+00', '2025-12-07T19:38:28+00'),
  ('e3e39b41-0d7b-4e75-a9e3-f598eb7b7c8f', '2025-12-07', '2025-12-07T18:18:02+00', '2025-12-07T18:35:34+00', '2025-12-07T18:18:02+00'),
  ('b05f404a-1106-44f8-a9e1-cd843f9f3156', '2025-12-07', '2025-12-07T17:17:59+00', '2025-12-07T17:56:59+00', '2025-12-07T17:17:59+00'),
  ('803f4795-42af-4153-a131-e6788d0f252f', '2025-12-07', '2025-12-07T15:23:00+00', '2025-12-07T15:49:58+00', '2025-12-07T15:23:00+00'),
  ('2f36d9c8-8bca-46c2-a8f0-3b8b4a197ed3', '2025-12-03', '2025-12-03T16:25:19+00', '2025-12-03T16:40:18+00', '2025-12-03T16:25:19+00'),
  ('a7265552-8474-4c5d-a048-2872033ea9f9', '2025-12-03', '2025-12-03T14:55:50+00', '2025-12-03T15:43:43+00', '2025-12-03T14:55:50+00'),
  ('c569dd05-f2bf-4484-af39-8862cc3ddb01', '2025-12-02', '2025-12-02T18:18:44+00', '2025-12-02T18:38:50+00', '2025-12-02T18:18:44+00'),
  ('d0d8800f-acc3-489e-a9dc-3c1e40b8eefd', '2025-12-02', '2025-12-02T15:07:05+00', '2025-12-02T15:43:07+00', '2025-12-02T15:07:05+00'),
  ('66eca50d-cfca-4b22-a65b-cec37816c3f0', '2025-12-01', '2025-12-02T02:01:22+00', '2025-12-02T02:16:26+00', '2025-12-02T02:01:22+00'),
  ('3a0c1ce2-6ce5-4c50-ad64-0a22ceaa4dfa', '2025-12-01', '2025-12-01T23:36:06+00', '2025-12-01T23:48:49+00', '2025-12-01T23:36:06+00'),
  ('1e0f6831-eb16-49db-a591-9dcc6956e96e', '2025-12-01', '2025-12-01T23:13:07+00', '2025-12-01T23:29:20+00', '2025-12-01T23:13:07+00'),
  ('0ba52d28-21f9-40b5-a665-ef4a5db8dfce', '2025-12-01', '2025-12-01T22:06:45+00', '2025-12-01T22:25:00+00', '2025-12-01T22:06:45+00'),
  ('b258d13b-4c6b-4d74-a72a-fb34ff081204', '2025-12-01', '2025-12-01T19:35:50+00', '2025-12-01T20:27:21+00', '2025-12-01T19:35:50+00'),
  ('b33d5d12-9301-48b1-aea9-6d484b818131', '2025-12-01', '2025-12-01T16:30:12+00', '2025-12-01T16:41:35+00', '2025-12-01T16:30:12+00'),
  ('74a6d169-94f5-43d4-a6c9-aaabca8c5203', '2025-12-01', '2025-12-01T15:33:44+00', '2025-12-01T15:50:32+00', '2025-12-01T15:33:44+00'),
  ('fb2e06bc-67c5-456f-a53e-f16b1469b7e9', '2025-11-30', '2025-12-01T01:47:56+00', '2025-12-01T01:54:52+00', '2025-12-01T01:47:56+00'),
  ('ca095a76-5b0a-43ce-a510-cd4d0716c7f8', '2025-11-30', '2025-12-01T00:20:53+00', '2025-12-01T00:45:25+00', '2025-12-01T00:20:53+00'),
  ('5a250040-4a0e-43a2-a682-ba46abeef653', '2025-11-30', '2025-11-30T21:56:56+00', '2025-11-30T22:50:17+00', '2025-11-30T21:56:56+00'),
  ('d171a46e-de2c-46c2-a17b-88fc1eb92314', '2025-11-30', '2025-11-30T18:21:04+00', '2025-11-30T18:52:51+00', '2025-11-30T18:21:04+00'),
  ('5f7a1f7f-f8b7-485f-ac3e-50c0390c5153', '2025-11-30', '2025-11-30T14:55:16+00', '2025-11-30T16:16:57+00', '2025-11-30T14:55:16+00'),
  ('cb076dfb-3241-4aea-a3ca-6d0426e1214f', '2025-11-25', '2025-11-25T21:44:03+00', '2025-11-25T22:43:51+00', '2025-11-25T21:44:03+00'),
  ('fa30dab7-9f7e-4b95-ab1f-82b693b847a7', '2025-11-25', '2025-11-25T18:57:53+00', '2025-11-25T19:54:43+00', '2025-11-25T18:57:53+00'),
  ('6c3094c4-70b8-45b5-a2b4-a3b8dac42aa1', '2025-11-25', '2025-11-25T15:25:33+00', '2025-11-25T16:02:53+00', '2025-11-25T15:25:33+00'),
  ('f41f86aa-8c42-4989-a336-5d4e738fe1ae', '2025-11-24', '2025-11-24T18:06:49+00', '2025-11-24T18:41:17+00', '2025-11-24T18:06:49+00'),
  ('67229b8e-b34b-4fd7-ae21-3f533b43a82c', '2025-11-23', '2025-11-23T15:12:19+00', '2025-11-23T16:15:38+00', '2025-11-23T15:12:19+00'),
  ('5a6153bf-26fb-4e05-a86e-1e43b8f73e89', '2025-11-22', '2025-11-23T01:02:40+00', '2025-11-23T01:31:48+00', '2025-11-23T01:02:40+00'),
  ('c74f51fa-8fcf-4ec9-ac19-9c6ce0b466b9', '2025-11-22', '2025-11-22T23:19:07+00', '2025-11-22T23:44:15+00', '2025-11-22T23:19:07+00'),
  ('28b884ab-9c4c-4f25-a3fb-af879978874c', '2025-11-22', '2025-11-22T21:44:46+00', '2025-11-22T22:15:14+00', '2025-11-22T21:44:46+00'),
  ('23a8ddf3-1007-434b-ab10-f55e60aab284', '2025-11-22', '2025-11-22T20:11:27+00', '2025-11-22T20:43:44+00', '2025-11-22T20:11:27+00'),
  ('54bd402c-c8ab-4594-a807-d0bd344110fd', '2025-11-22', '2025-11-22T18:29:02+00', '2025-11-22T19:31:20+00', '2025-11-22T18:29:02+00'),
  ('7841f62a-d3fa-4ecf-a43f-199d08aa4087', '2025-11-21', '2025-11-22T04:33:25+00', '2025-11-22T05:03:56+00', '2025-11-22T04:33:25+00'),
  ('4f1e6db6-06d0-41da-a1b9-be149a8080ae', '2025-11-20', '2025-11-20T21:04:14+00', '2025-11-20T22:14:56+00', '2025-11-20T21:04:14+00'),
  ('54fbc653-a1e3-45a8-af5a-8d1c0fe817e3', '2025-11-20', '2025-11-20T14:25:08+00', '2025-11-20T15:42:59+00', '2025-11-20T14:25:08+00'),
  ('5e792668-c821-498d-ae3a-6eb88b4770a0', '2025-11-19', '2025-11-19T22:03:01+00', '2025-11-19T23:01:50+00', '2025-11-19T22:03:01+00'),
  ('4ac9ba1c-fe14-4d02-a0c0-d88aeb56b6f7', '2025-11-19', '2025-11-19T16:23:40+00', '2025-11-19T16:44:58+00', '2025-11-19T16:23:40+00'),
  ('a5fcd6c0-d5fe-4939-a677-6f1d4d52356b', '2025-11-19', '2025-11-19T14:45:45+00', '2025-11-19T15:26:28+00', '2025-11-19T14:45:45+00'),
  ('d8e62e7e-4cbd-4b2f-a77d-0b491fa7c5b4', '2025-11-19', '2025-11-19T14:05:37+00', '2025-11-19T14:27:35+00', '2025-11-19T14:05:37+00'),
  ('84a116d9-e03e-41ff-a655-23393827adeb', '2025-11-18', '2025-11-19T04:26:54+00', '2025-11-19T04:36:19+00', '2025-11-19T04:26:54+00'),
  ('a7fea332-e9a1-4e7c-a526-dcb6b204df52', '2025-11-18', '2025-11-19T04:26:38+00', '2025-11-19T04:26:51+00', '2025-11-19T04:26:38+00'),
  ('11368d35-2ca2-4673-add1-43bccdd15a2f', '2025-11-18', '2025-11-19T04:08:47+00', '2025-11-19T04:26:35+00', '2025-11-19T04:08:47+00'),
  ('ebc8a37b-1447-4e7b-a872-d2a2ba58d4f7', '2025-11-18', '2025-11-18T18:32:36+00', '2025-11-18T19:18:42+00', '2025-11-18T18:32:36+00'),
  ('ea844934-a902-42b4-aadd-93c93f40291f', '2025-11-18', '2025-11-18T16:11:06+00', '2025-11-18T16:23:20+00', '2025-11-18T16:11:06+00'),
  ('a867c4b3-435c-4725-af6d-c4e18046b172', '2025-11-18', '2025-11-18T14:47:00+00', '2025-11-18T15:36:59+00', '2025-11-18T14:47:00+00'),
  ('26e9668a-1a05-452c-ad66-702046d5c520', '2025-11-17', '2025-11-17T18:53:57+00', '2025-11-17T19:29:44+00', '2025-11-17T18:53:57+00'),
  ('5f678303-1e6e-4ea0-acf1-649afc793d6d', '2025-11-17', '2025-11-17T17:10:33+00', '2025-11-17T17:29:18+00', '2025-11-17T17:10:33+00'),
  ('e0172b53-c76b-4196-a5a9-04df86c0e453', '2025-11-17', '2025-11-17T16:37:12+00', '2025-11-17T17:10:29+00', '2025-11-17T16:37:12+00'),
  ('8d8e44cd-d675-4f17-a5cd-22a6b7321780', '2025-11-17', '2025-11-17T14:55:18+00', '2025-11-17T15:53:08+00', '2025-11-17T14:55:18+00'),
  ('3ea67202-758d-49ce-ae81-8710722352c5', '2025-11-13', '2025-11-13T22:01:41+00', '2025-11-13T22:27:13+00', '2025-11-13T22:01:41+00'),
  ('d6415a66-3a63-44f8-adb3-2e0d1df56de2', '2025-11-13', '2025-11-13T14:44:15+00', '2025-11-13T15:50:46+00', '2025-11-13T14:44:15+00');

-- Timer entries (from CSV export)
INSERT INTO timer_entries (id, session_id, piece_id, category, started_at, ended_at) VALUES
  ('25915761-8cd7-40fd-a7be-901ae5d58363', 'ed4f74bb-8afe-4aa0-a4e6-3feb2235d1ba', NULL, 'technique', '2026-03-19T14:44:46+00', '2026-03-19T14:44:47+00'),
  ('684daadc-05c2-42fb-aa86-0e8ebad7cbac', 'ed4f74bb-8afe-4aa0-a4e6-3feb2235d1ba', '671174b8-96df-46b9-bc39-2ceb999a22da', 'piece', '2026-03-19T14:44:47+00', '2026-03-19T14:44:54+00'),
  ('fb1c95be-bd43-4722-afee-85940dcd8acc', 'd834ef53-7c90-4292-aeb3-24468cd2cd12', NULL, 'technique', '2026-03-19T13:59:17+00', '2026-03-19T14:44:41+00'),
  ('cc82b470-68b9-40f6-a2c2-638d04277577', '75682ac1-9ec4-4175-a040-68e1287b8911', '671174b8-96df-46b9-bc39-2ceb999a22da', 'piece', '2026-03-19T02:55:39+00', '2026-03-19T03:19:39+00'),
  ('1c8d45e7-3204-4a05-a4d2-4343721f2356', '75682ac1-9ec4-4175-a040-68e1287b8911', 'e07a9e85-307a-4af9-8966-d1e824ec9ddb', 'piece', '2026-03-19T02:55:44+00', '2026-03-19T02:59:23+00'),
  ('4d042de1-640c-49ce-af0a-73e66b8de780', '736be0eb-9d9c-4805-a785-c258b833a68f', NULL, 'technique', '2026-03-18T18:47:41+00', '2026-03-18T19:01:14+00'),
  ('0c5d5f3e-536f-4e82-a2b6-724c11f132df', '736be0eb-9d9c-4805-a785-c258b833a68f', 'c6b8d48f-e6de-41ce-bd32-5ec49b40de23', 'piece', '2026-03-18T19:01:14+00', '2026-03-18T19:23:05+00'),
  ('600b9f52-8d84-4b33-a80d-8f05fa4bc4cc', '736be0eb-9d9c-4805-a785-c258b833a68f', '671174b8-96df-46b9-bc39-2ceb999a22da', 'piece', '2026-03-18T19:23:05+00', '2026-03-18T19:24:40+00'),
  ('2ce78607-a790-43e9-a5de-8abbccb1b105', '736be0eb-9d9c-4805-a785-c258b833a68f', '671174b8-96df-46b9-bc39-2ceb999a22da', 'piece', '2026-03-18T19:28:46+00', '2026-03-18T19:43:39+00'),
  ('8f35e49a-68e8-4b86-a8a6-ae658c52d384', '1db50513-5971-43ae-a0a9-d4bf043f93b7', '671174b8-96df-46b9-bc39-2ceb999a22da', 'piece', '2026-03-18T14:30:17+00', '2026-03-18T15:02:18+00'),
  ('ed23b0f9-0b5d-4f2b-a0e7-f60a90eea153', '9218d68a-a71b-4d5c-a1eb-bd35d71bee39', '671174b8-96df-46b9-bc39-2ceb999a22da', 'piece', '2026-03-17T20:41:31+00', '2026-03-17T21:01:50+00'),
  ('bc6595f7-daa8-4f7d-a25c-8cde0c81e682', '9218d68a-a71b-4d5c-a1eb-bd35d71bee39', 'e07a9e85-307a-4af9-8966-d1e824ec9ddb', 'piece', '2026-03-17T21:01:50+00', '2026-03-17T21:13:22+00'),
  ('06d4cadf-a9ea-4615-abde-2339cdbe035a', '1664b042-b1ac-4242-a136-45fffbe7c91f', '671174b8-96df-46b9-bc39-2ceb999a22da', 'piece', '2026-03-17T15:04:51+00', '2026-03-17T15:43:37+00'),
  ('6d1c30e0-f5fb-400f-a068-3fb66a89bc46', 'd3123c6f-087c-49dc-ae9f-32fbff4cb1dd', NULL, 'technique', '2026-03-17T13:33:20+00', '2026-03-17T13:54:48+00'),
  ('14017a3c-1faf-46b1-a40f-d45977ca56d4', 'd3123c6f-087c-49dc-ae9f-32fbff4cb1dd', '671174b8-96df-46b9-bc39-2ceb999a22da', 'piece', '2026-03-17T13:54:48+00', '2026-03-17T14:47:48+00'),
  ('82e8f921-fc02-4429-a1df-df8e264708c5', 'ab91d7da-4afd-4389-ac67-21bd7e5ea3e6', '671174b8-96df-46b9-bc39-2ceb999a22da', 'piece', '2026-03-17T02:55:16+00', '2026-03-17T03:15:08+00'),
  ('68e52819-b02f-4860-aac9-fa969671ad64', 'c6451f20-65cc-4b58-a69d-f5e76317566a', '671174b8-96df-46b9-bc39-2ceb999a22da', 'piece', '2026-03-17T01:35:12+00', '2026-03-17T02:13:08+00'),
  ('c53e9596-d47a-4726-ade4-f8eafb463bce', '837eb85d-fa1e-4676-a53e-2c4d791a934b', 'c6b8d48f-e6de-41ce-bd32-5ec49b40de23', 'piece', '2026-03-13T15:36:51+00', '2026-03-13T15:46:48+00'),
  ('424b4397-7200-443a-a626-342b531b75e4', 'e6996ef1-745d-4d0f-a205-734fc793e2ae', NULL, 'technique', '2026-03-13T14:36:18+00', '2026-03-13T15:03:51+00'),
  ('5f8f89bd-3099-4a21-a68f-2e65c2661fbf', 'e6996ef1-745d-4d0f-a205-734fc793e2ae', 'c6b8d48f-e6de-41ce-bd32-5ec49b40de23', 'piece', '2026-03-13T15:03:51+00', '2026-03-13T15:13:25+00'),
  ('2cd8393b-ab2c-4c34-adea-802dd9120b66', 'e6996ef1-745d-4d0f-a205-734fc793e2ae', 'c6b8d48f-e6de-41ce-bd32-5ec49b40de23', 'piece', '2026-03-13T15:13:39+00', '2026-03-13T15:15:30+00'),
  ('31a07faf-9d2c-4c02-ac9e-7236250d5a94', '57936cfa-c559-4aa4-a6a6-37815edac37c', 'e07a9e85-307a-4af9-8966-d1e824ec9ddb', 'piece', '2026-03-12T19:45:11+00', '2026-03-12T19:50:24+00'),
  ('f4295086-9793-47be-a8f9-e33c8839088f', '1414035f-1e5a-4dc6-ab11-74e6a6131f60', NULL, 'technique', '2026-03-12T16:18:22+00', '2026-03-12T16:28:29+00'),
  ('082a20ee-edf6-40e5-a432-ad7a727ff7bf', '1414035f-1e5a-4dc6-ab11-74e6a6131f60', 'c6b8d48f-e6de-41ce-bd32-5ec49b40de23', 'piece', '2026-03-12T16:28:29+00', '2026-03-12T16:41:09+00'),
  ('341ae5c9-9dcc-4e69-a279-7190db1f7b6e', '1a9533df-4e77-4f01-a706-a2b1f0ed022e', NULL, 'technique', '2026-03-11T18:24:34+00', '2026-03-11T18:44:26+00'),
  ('1154583a-3c4d-4f81-a425-b09b8e67e892', '3c6a29b1-adc1-40a1-ad74-d89782361a4e', 'a2b3c4d5-e6f7-4a8b-9c0d-1e2f3a4b5c6d', 'piece', '2026-03-11T15:24:08+00', '2026-03-11T15:34:31+00'),
  ('b495a762-f91e-4bd8-ad92-f278d6f81c68', '3c6a29b1-adc1-40a1-ad74-d89782361a4e', 'e07a9e85-307a-4af9-8966-d1e824ec9ddb', 'piece', '2026-03-11T15:34:31+00', '2026-03-11T15:41:27+00'),
  ('43eb6a5b-df94-42b2-a163-f2ab97637fa8', '621662c3-23f7-4f99-a3c9-4380c93b7716', NULL, 'technique', '2026-03-11T13:56:25+00', '2026-03-11T14:01:41+00'),
  ('42e4e3ca-3ab1-47f9-a5c8-f23c3333f5f2', '621662c3-23f7-4f99-a3c9-4380c93b7716', 'c6b8d48f-e6de-41ce-bd32-5ec49b40de23', 'piece', '2026-03-11T14:01:41+00', '2026-03-11T14:14:56+00'),
  ('c6491386-85fb-4f53-a343-7f1b7e4882e8', '621662c3-23f7-4f99-a3c9-4380c93b7716', 'e07a9e85-307a-4af9-8966-d1e824ec9ddb', 'piece', '2026-03-11T14:14:56+00', '2026-03-11T14:41:14+00'),
  ('e9cb40d5-dab7-4c7e-a185-ecbbc9c81c56', '40f8bee1-e8af-4586-a29d-12fafc62dcb0', 'e07a9e85-307a-4af9-8966-d1e824ec9ddb', 'piece', '2026-03-11T04:00:17+00', '2026-03-11T04:19:23+00'),
  ('b22ca3e5-2d67-4882-abbc-c99394487048', 'c672151e-961b-454f-a588-8f4431a49fd9', 'e07a9e85-307a-4af9-8966-d1e824ec9ddb', 'piece', '2026-03-10T22:32:59+00', '2026-03-10T22:45:03+00'),
  ('874d1009-fbbb-4f59-a44e-60bbfcd334a6', '83b8f721-6b33-457c-a862-8a55a4f7af93', 'e07a9e85-307a-4af9-8966-d1e824ec9ddb', 'piece', '2026-03-10T21:28:37+00', '2026-03-10T21:42:32+00'),
  ('52601655-3bd3-43aa-ac7c-6c31f30d400a', '4415cd33-2968-436f-ac02-d3bc04d72253', 'c6b8d48f-e6de-41ce-bd32-5ec49b40de23', 'piece', '2026-03-10T21:02:06+00', '2026-03-10T21:02:16+00'),
  ('7dcac583-fd90-4a8c-a571-0a7b86d6acec', '4415cd33-2968-436f-ac02-d3bc04d72253', 'c6b8d48f-e6de-41ce-bd32-5ec49b40de23', 'piece', '2026-03-10T21:02:19+00', '2026-03-10T21:12:10+00'),
  ('1c53c6f0-29c9-4fb0-ab31-b7c3f781880f', 'bd03d509-c3f9-4da4-a7dc-67d56748698d', NULL, 'technique', '2026-03-10T14:21:54+00', '2026-03-10T14:33:28+00'),
  ('b4c54e46-6edd-48df-aaac-e1f955a70ba8', 'bd03d509-c3f9-4da4-a7dc-67d56748698d', 'e07a9e85-307a-4af9-8966-d1e824ec9ddb', 'piece', '2026-03-10T14:33:28+00', '2026-03-10T14:35:00+00'),
  ('7927e71c-71b1-41ba-a047-2be317eb6713', '900da298-1a92-4e0d-a776-065869072b1f', 'e07a9e85-307a-4af9-8966-d1e824ec9ddb', 'piece', '2026-03-09T21:56:16+00', '2026-03-09T22:10:57+00'),
  ('049c6def-f7a0-48aa-a1bc-c4c001c9b4d6', '17ecf636-0715-4bbd-a005-ba56ba794044', 'e07a9e85-307a-4af9-8966-d1e824ec9ddb', 'piece', '2026-03-09T19:55:08+00', '2026-03-09T20:26:32+00'),
  ('6023b6d3-1224-46cb-a1cf-2919caad877d', '4ebd4f7e-109a-4252-a788-c967d744d358', 'e07a9e85-307a-4af9-8966-d1e824ec9ddb', 'piece', '2026-03-09T15:43:11+00', '2026-03-09T16:28:07+00'),
  ('b4c5cc8d-97b3-4d6d-aca6-3a8aad5b562a', 'f71cc12e-da8f-42dd-a194-e96b03a091de', NULL, 'technique', '2026-03-09T14:11:45+00', '2026-03-09T14:23:54+00'),
  ('add3fb55-8e6e-412c-ab52-bdee3b4f3c9b', 'f71cc12e-da8f-42dd-a194-e96b03a091de', 'c6b8d48f-e6de-41ce-bd32-5ec49b40de23', 'piece', '2026-03-09T14:23:54+00', '2026-03-09T14:41:26+00'),
  ('46abc3a3-c017-4273-aa34-1b9fe25f130a', '9be2c22d-d8cc-4da0-a179-acb135d7401d', 'e07a9e85-307a-4af9-8966-d1e824ec9ddb', 'piece', '2026-03-08T23:14:20+00', '2026-03-08T23:28:14+00'),
  ('aba4fe40-f000-40e7-a84e-92a2d66bf772', '89b28ede-df96-4367-ae05-3d68b0ca0e0f', NULL, 'technique', '2026-03-08T22:05:20+00', '2026-03-08T22:05:33+00'),
  ('3d0476f2-adfa-434c-a02a-0a94e5272b2e', 'f4af1889-8a60-4cda-ad83-b638b6e94825', NULL, 'technique', '2026-03-08T22:04:40+00', '2026-03-08T22:05:10+00'),
  ('d0f4eb1a-20e7-4dce-a06a-a53239bf72a2', 'f87ba19c-cc41-447a-a12f-23c6fd67d3d2', NULL, 'technique', '2026-03-08T21:56:40+00', '2026-03-08T22:00:16+00'),
  ('9b0eb58a-fbc7-4e19-a0a7-0eba97a2f6e8', '444f8d7b-8c11-44b1-a685-9d2edab0d593', NULL, 'technique', '2026-03-08T15:09:21+00', '2026-03-08T15:14:52+00'),
  ('c39b3ed4-1fbf-4202-aa32-43768431afde', '444f8d7b-8c11-44b1-a685-9d2edab0d593', 'b1a2c3d4-e5f6-4a7b-8c9d-0e1f2a3b4c5d', 'piece', '2026-03-08T15:14:52+00', '2026-03-08T15:18:52+00'),
  ('6e8ccf6a-0b02-43e8-a3b8-c6a99200891e', '444f8d7b-8c11-44b1-a685-9d2edab0d593', 'e07a9e85-307a-4af9-8966-d1e824ec9ddb', 'piece', '2026-03-08T15:18:52+00', '2026-03-08T15:37:20+00'),
  ('dd7fe011-b2ca-475f-a782-fbf3d861d6fa', '852ee2b4-93c2-43b5-a7e3-152c993442cc', 'e07a9e85-307a-4af9-8966-d1e824ec9ddb', 'piece', '2026-03-07T23:28:54+00', '2026-03-07T23:34:35+00'),
  ('65362786-2a03-4f1b-a4f6-6911e76387a4', 'e90d0d4b-6263-4608-a7a8-59be5e3e14d4', NULL, 'sight_reading', '2026-03-07T23:07:41+00', '2026-03-07T23:20:25+00'),
  ('2e850289-ef72-446b-ae60-ed3b11e5536d', '9923b851-d98e-4c16-aac9-df88a69d6065', NULL, 'technique', '2026-03-07T22:35:00+00', '2026-03-07T22:41:06+00'),
  ('db37dc67-bdbf-413c-adb7-9e78e2b5457f', '9923b851-d98e-4c16-aac9-df88a69d6065', 'c6b8d48f-e6de-41ce-bd32-5ec49b40de23', 'piece', '2026-03-07T22:41:06+00', '2026-03-07T22:52:12+00'),
  ('9324a625-d6b2-4be8-a115-1dca2ac37a6c', '0bd038dd-0ce5-40d3-ac44-bfb8b08f746f', 'e07a9e85-307a-4af9-8966-d1e824ec9ddb', 'piece', '2026-03-07T18:17:42+00', '2026-03-07T18:34:54+00'),
  ('bd0df648-d930-4e78-a491-dae08a546410', '2582e51b-50cb-4931-ac18-c68706e33d77', NULL, 'technique', '2026-03-07T14:35:02+00', '2026-03-07T14:48:28+00'),
  ('5697926a-4aa4-4925-a5c3-e20c95f267e3', '2582e51b-50cb-4931-ac18-c68706e33d77', 'e07a9e85-307a-4af9-8966-d1e824ec9ddb', 'piece', '2026-03-07T14:48:28+00', '2026-03-07T15:26:06+00'),
  ('aa9d3d04-a4e5-4129-a4c8-2ca8732b8b29', '370ce52e-3780-412d-adaf-62b03c59dd75', 'c6b8d48f-e6de-41ce-bd32-5ec49b40de23', 'piece', '2026-03-07T00:05:07+00', '2026-03-07T00:17:02+00'),
  ('f42ef745-4e4e-4036-a319-5d6eb3563218', 'c04d64cd-b8fc-4832-add9-abc6bcdb46ba', 'c6b8d48f-e6de-41ce-bd32-5ec49b40de23', 'piece', '2026-03-06T23:36:30+00', '2026-03-06T23:53:12+00'),
  ('2466210a-6bb1-4b1b-ad1a-08b22a57c703', '139675bf-f03b-4058-a598-ecd5880dd1f3', 'e07a9e85-307a-4af9-8966-d1e824ec9ddb', 'piece', '2026-03-06T21:04:54+00', '2026-03-06T21:27:24+00'),
  ('7888af2b-0299-4f19-adc0-b37181c1233c', '359d4a94-1484-46aa-a16a-335c6638b137', NULL, 'technique', '2026-03-06T20:27:50+00', '2026-03-06T20:53:50+00'),
  ('bdc8e12a-e873-4298-abce-233fa2d6778e', 'd88daa98-37d1-4cfc-ad92-9e1926e8ef95', NULL, 'technique', '2026-03-06T16:25:40+00', '2026-03-06T16:34:09+00'),
  ('ddfb8026-21fd-4125-a7fa-e71aac99029c', 'd88daa98-37d1-4cfc-ad92-9e1926e8ef95', 'b1a2c3d4-e5f6-4a7b-8c9d-0e1f2a3b4c5d', 'piece', '2026-03-06T16:34:09+00', '2026-03-06T16:37:47+00'),
  ('9fad1875-2f81-40cc-ad8b-41494530f1ec', 'ca04602d-f0fe-416b-a206-065cdfe61587', NULL, 'technique', '2026-03-05T21:57:59+00', '2026-03-05T22:16:53+00'),
  ('ac1cc3da-2d24-4ca2-ac2a-43a178dd340d', 'ca04602d-f0fe-416b-a206-065cdfe61587', 'e07a9e85-307a-4af9-8966-d1e824ec9ddb', 'piece', '2026-03-05T22:16:53+00', '2026-03-05T22:27:40+00'),
  ('53bb8637-2591-4589-a53b-fdfbce4e5a99', 'ca04602d-f0fe-416b-a206-065cdfe61587', 'c6b8d48f-e6de-41ce-bd32-5ec49b40de23', 'piece', '2026-03-05T22:27:40+00', '2026-03-05T22:33:19+00'),
  ('3a10bfca-80ec-4a4e-ac87-12441313713a', '2b1cfbb2-68bd-4dcb-aee2-e0c08afdc7b0', 'e07a9e85-307a-4af9-8966-d1e824ec9ddb', 'piece', '2026-03-05T15:37:07+00', '2026-03-05T15:53:14+00'),
  ('2baf6109-9f1a-47a0-ab88-f6833dd381bd', '614123ca-4b4c-40e0-aced-244f54a8e3d1', NULL, 'technique', '2026-03-04T18:48:58+00', '2026-03-04T18:54:44+00'),
  ('8a264300-92f3-4780-a9a3-0c36d3712ac9', '614123ca-4b4c-40e0-aced-244f54a8e3d1', 'c6b8d48f-e6de-41ce-bd32-5ec49b40de23', 'piece', '2026-03-04T18:54:44+00', '2026-03-04T19:17:43+00'),
  ('36b2edaf-8ca9-4199-ac07-890b572604d2', '614123ca-4b4c-40e0-aced-244f54a8e3d1', 'e07a9e85-307a-4af9-8966-d1e824ec9ddb', 'piece', '2026-03-04T19:17:43+00', '2026-03-04T19:24:56+00'),
  ('c80570c8-3b6c-4d16-a931-c4dd805de618', 'd891d779-34c4-4553-ac8a-6574c32568f8', 'e07a9e85-307a-4af9-8966-d1e824ec9ddb', 'piece', '2026-03-04T16:03:24+00', '2026-03-04T16:26:02+00'),
  ('164ace8b-3475-4ce3-a5e0-a20d04088fa1', 'ca9fe057-0cd6-43cb-a008-ebdf9ee460ef', NULL, 'technique', '2026-03-04T14:48:18+00', '2026-03-04T14:58:12+00'),
  ('26df1ec4-2151-4aae-aba1-ec56e02b7a02', 'ca9fe057-0cd6-43cb-a008-ebdf9ee460ef', 'e07a9e85-307a-4af9-8966-d1e824ec9ddb', 'piece', '2026-03-04T14:58:12+00', '2026-03-04T15:37:53+00'),
  ('698d2523-8545-44a4-a353-2ce07d7e843d', '7c8319ed-594d-4d32-a9f4-3b7bcda9ce93', 'e07a9e85-307a-4af9-8966-d1e824ec9ddb', 'piece', '2026-03-02T22:16:54+00', '2026-03-02T22:16:56+00'),
  ('492ae2df-893c-4491-aab8-8fcb375e9434', '7c8319ed-594d-4d32-a9f4-3b7bcda9ce93', 'c6b8d48f-e6de-41ce-bd32-5ec49b40de23', 'piece', '2026-03-02T22:16:56+00', '2026-03-02T22:33:18+00'),
  ('c8a4c7c9-350b-41aa-a1e4-d2f7793fa011', '904f22f7-3de4-4209-aa71-f3ccf4f1aa5a', 'e07a9e85-307a-4af9-8966-d1e824ec9ddb', 'piece', '2026-03-02T16:04:21+00', '2026-03-02T16:19:05+00'),
  ('f177652d-20c2-4b9a-a795-710fea155f9c', '01558b98-8e77-4552-aff2-81d03dcbb847', NULL, 'technique', '2026-03-02T14:35:10+00', '2026-03-02T14:42:23+00'),
  ('c34e0cf2-0f23-4423-ae12-0416a616ac53', '01558b98-8e77-4552-aff2-81d03dcbb847', 'e07a9e85-307a-4af9-8966-d1e824ec9ddb', 'piece', '2026-03-02T14:42:23+00', '2026-03-02T15:31:37+00'),
  ('df62af60-3767-4ad7-a53b-514769457062', 'e385f9aa-58f1-4f01-a649-6203a350629e', NULL, 'technique', '2026-03-02T01:20:37+00', '2026-03-02T01:27:09+00'),
  ('2d6cf43d-3bac-4346-a4ef-2d2934912cf8', 'e385f9aa-58f1-4f01-a649-6203a350629e', 'e07a9e85-307a-4af9-8966-d1e824ec9ddb', 'piece', '2026-03-02T01:27:09+00', '2026-03-02T01:40:33+00'),
  ('4d2f8b73-bb4e-4aa6-a40c-504cf598973a', 'e385f9aa-58f1-4f01-a649-6203a350629e', 'e07a9e85-307a-4af9-8966-d1e824ec9ddb', 'piece', '2026-03-02T01:40:33+00', '2026-03-02T01:40:43+00'),
  ('387cba8d-dff9-442b-ae6e-b51f662839f7', 'e385f9aa-58f1-4f01-a649-6203a350629e', 'e07a9e85-307a-4af9-8966-d1e824ec9ddb', 'piece', '2026-03-02T01:40:43+00', '2026-03-02T01:41:10+00'),
  ('b16215b5-bfc2-467b-a4e5-544749fc4fa4', 'e385f9aa-58f1-4f01-a649-6203a350629e', NULL, 'sight_reading', '2026-03-02T01:41:10+00', '2026-03-02T01:41:14+00'),
  ('9f4fd0d2-5bc4-407e-a452-aa61a2fd4b34', 'e385f9aa-58f1-4f01-a649-6203a350629e', 'e07a9e85-307a-4af9-8966-d1e824ec9ddb', 'piece', '2026-03-02T01:41:14+00', '2026-03-02T01:55:55+00'),
  ('c18200dc-b442-4016-a449-57295e8024f9', '2dee38c2-0c9f-4069-ae68-0a726aa609ff', NULL, 'technique', '2026-03-01T16:33:37+00', '2026-03-01T16:40:21+00'),
  ('ec3cad4f-aa3b-4982-a31f-36d14447dce3', '2dee38c2-0c9f-4069-ae68-0a726aa609ff', 'e07a9e85-307a-4af9-8966-d1e824ec9ddb', 'piece', '2026-03-01T16:40:21+00', '2026-03-01T16:40:26+00'),
  ('b18b83a3-ee19-4e1b-afae-e5ffb6fa11a8', '2dee38c2-0c9f-4069-ae68-0a726aa609ff', 'b1a2c3d4-e5f6-4a7b-8c9d-0e1f2a3b4c5d', 'piece', '2026-03-01T16:40:26+00', '2026-03-01T16:53:12+00'),
  ('8d52ece7-de64-490a-ab14-1188e1f647a5', '2dee38c2-0c9f-4069-ae68-0a726aa609ff', 'e07a9e85-307a-4af9-8966-d1e824ec9ddb', 'piece', '2026-03-01T16:53:12+00', '2026-03-01T17:38:55+00'),
  ('5b21c9dd-d73b-4a69-a967-146716585b7b', '5281af6e-51a8-463e-a512-454e24ea7ec7', 'c6b8d48f-e6de-41ce-bd32-5ec49b40de23', 'piece', '2026-02-28T22:26:35+00', '2026-02-28T22:34:17+00'),
  ('5dfdbe09-82ca-4dcf-a0d8-adddcdd1c844', '40dd0b51-0c91-4f82-a4f8-8fec0b2a67de', 'e07a9e85-307a-4af9-8966-d1e824ec9ddb', 'piece', '2026-02-28T20:18:42+00', '2026-02-28T21:03:01+00'),
  ('6e311ea8-0e59-45b6-a154-bc2443176306', '0bb8c07c-15d2-415f-a5a3-ce4471187ce1', NULL, 'technique', '2026-02-28T14:09:50+00', '2026-02-28T14:21:38+00'),
  ('f0506c91-5e1e-4c01-adc0-3ddd5ed627a8', '0bb8c07c-15d2-415f-a5a3-ce4471187ce1', 'b1a2c3d4-e5f6-4a7b-8c9d-0e1f2a3b4c5d', 'piece', '2026-02-28T14:21:38+00', '2026-02-28T14:34:00+00'),
  ('41d35bb4-9f3b-4fe1-a2c1-374c867a78c3', '0bb8c07c-15d2-415f-a5a3-ce4471187ce1', 'b1a2c3d4-e5f6-4a7b-8c9d-0e1f2a3b4c5d', 'piece', '2026-02-28T14:34:01+00', '2026-02-28T14:38:52+00'),
  ('eb5e06a3-0a41-4c35-aafc-521abb115a2d', '0bb8c07c-15d2-415f-a5a3-ce4471187ce1', 'e07a9e85-307a-4af9-8966-d1e824ec9ddb', 'piece', '2026-02-28T14:38:52+00', '2026-02-28T15:19:43+00'),
  ('78ef56ce-b410-4c94-a487-3976dd9a79e2', '9916cd91-d821-4959-ae65-ae89fd9f200f', NULL, 'technique', '2026-02-25T19:12:27+00', '2026-02-25T19:25:28+00'),
  ('de0a7a5e-6963-4f8f-ac18-f77625056e82', '9916cd91-d821-4959-ae65-ae89fd9f200f', 'e07a9e85-307a-4af9-8966-d1e824ec9ddb', 'piece', '2026-02-25T19:25:28+00', '2026-02-25T19:30:37+00'),
  ('84822f96-f162-43fd-a52f-bcbff8321e74', '9916cd91-d821-4959-ae65-ae89fd9f200f', 'a2b3c4d5-e6f7-4a8b-9c0d-1e2f3a4b5c6d', 'piece', '2026-02-25T19:30:37+00', '2026-02-25T19:40:59+00'),
  ('655fd347-5b1e-409f-a956-617646e58879', '72367a94-4c59-44ab-a89a-aae44d5707bc', 'e07a9e85-307a-4af9-8966-d1e824ec9ddb', 'piece', '2026-02-25T00:20:43+00', '2026-02-25T01:52:37+00'),
  ('a679a1e2-eb91-443e-a56f-e21a0cb23409', 'ccd9a9ae-3e91-4e8b-a422-0ec6a26c100f', 'a2b3c4d5-e6f7-4a8b-9c0d-1e2f3a4b5c6d', 'piece', '2026-02-23T22:34:02+00', '2026-02-23T22:55:24+00'),
  ('d5b9a3f5-6fe5-46e5-a00f-8a01d25973fa', 'cdc7d213-73af-4ce1-aada-c02ec309f9a7', 'e07a9e85-307a-4af9-8966-d1e824ec9ddb', 'piece', '2026-02-23T21:02:42+00', '2026-02-23T21:29:37+00'),
  ('eb3ef09f-52d8-42c9-acbd-743d1f0bc4c1', 'f390e085-dcc2-4273-a54e-cde8fe8a1734', 'b1a2c3d4-e5f6-4a7b-8c9d-0e1f2a3b4c5d', 'piece', '2026-02-23T18:54:31+00', '2026-02-23T18:54:32+00'),
  ('ba12f8f7-9d70-4443-a4e0-8374037ca4ce', 'f390e085-dcc2-4273-a54e-cde8fe8a1734', 'a2b3c4d5-e6f7-4a8b-9c0d-1e2f3a4b5c6d', 'piece', '2026-02-23T18:54:32+00', '2026-02-23T19:15:47+00'),
  ('269d3b67-a67d-4f9d-a3be-55fdcf72bc25', 'f390e085-dcc2-4273-a54e-cde8fe8a1734', 'c6b8d48f-e6de-41ce-bd32-5ec49b40de23', 'piece', '2026-02-23T19:15:47+00', '2026-02-23T19:30:13+00'),
  ('a3f3ac79-151a-45ba-a42b-bd97e8240bcf', '303fb104-a00c-454f-ad5b-99e09e8e1482', NULL, 'technique', '2026-02-23T15:20:05+00', '2026-02-23T15:28:31+00'),
  ('3fd89229-bb37-4ca2-a402-8354cb20e1a7', '303fb104-a00c-454f-ad5b-99e09e8e1482', 'b1a2c3d4-e5f6-4a7b-8c9d-0e1f2a3b4c5d', 'piece', '2026-02-23T15:28:31+00', '2026-02-23T15:38:33+00'),
  ('eb483f1a-d1cb-451a-ac2d-d359ffb2974e', '303fb104-a00c-454f-ad5b-99e09e8e1482', 'e07a9e85-307a-4af9-8966-d1e824ec9ddb', 'piece', '2026-02-23T15:38:33+00', '2026-02-23T15:59:12+00'),
  ('380b3044-bb7a-4193-a5ba-cc0e32b7a1d8', '4e77911e-3257-4bf2-a9d6-3e870a205bdf', NULL, 'technique', '2026-02-22T23:53:14+00', '2026-02-23T00:06:21+00'),
  ('e4fdbaba-de0f-4e1e-a0a5-fca4347abdfc', '4e77911e-3257-4bf2-a9d6-3e870a205bdf', 'b1a2c3d4-e5f6-4a7b-8c9d-0e1f2a3b4c5d', 'piece', '2026-02-23T00:06:21+00', '2026-02-23T00:20:28+00'),
  ('41ed6c8e-2125-4f03-a7bd-7316c6f1ec21', '4e77911e-3257-4bf2-a9d6-3e870a205bdf', 'e07a9e85-307a-4af9-8966-d1e824ec9ddb', 'piece', '2026-02-23T00:20:28+00', '2026-02-23T00:26:20+00'),
  ('fd0fe7c0-090f-4331-a35d-a21b7ae5184e', '4e77911e-3257-4bf2-a9d6-3e870a205bdf', 'e07a9e85-307a-4af9-8966-d1e824ec9ddb', 'piece', '2026-02-23T00:28:59+00', '2026-02-23T00:57:15+00'),
  ('c8867a54-7a5b-4064-a89c-5770820043e5', '78fd40cb-3457-4766-afd6-7249a6a1b51d', NULL, 'technique', '2026-02-15T19:40:48+00', '2026-02-15T19:47:39+00'),
  ('d7feb3b9-5f93-421f-a764-33d8ae13617c', '74a89681-1b9f-4b97-a17d-8ff705781427', NULL, 'technique', '2026-02-14T15:44:56+00', '2026-02-14T16:18:15+00'),
  ('3480af84-bc3e-47cd-a50c-f3188fb55953', '47f65425-8649-4bfc-a1e0-60e9585cdbed', 'e07a9e85-307a-4af9-8966-d1e824ec9ddb', 'piece', '2026-02-13T20:54:02+00', '2026-02-13T21:09:03+00'),
  ('55c0cb24-6cab-47a7-ab50-b463602b3658', '73f44835-a9ec-41f0-a3f3-057857a0c07a', NULL, 'technique', '2026-02-13T19:41:57+00', '2026-02-13T20:02:07+00'),
  ('1b4e316d-e47f-4447-a5cc-f8fbfa5d92b2', '73f44835-a9ec-41f0-a3f3-057857a0c07a', 'e07a9e85-307a-4af9-8966-d1e824ec9ddb', 'piece', '2026-02-13T20:02:07+00', '2026-02-13T20:34:12+00'),
  ('07192e93-396d-42c1-a241-1e5dcb29b185', '0aef59cb-cb13-4b0f-a88c-bf906ef5c370', 'c6b8d48f-e6de-41ce-bd32-5ec49b40de23', 'piece', '2026-02-12T22:09:04+00', '2026-02-12T22:25:36+00'),
  ('b310035f-8c80-49f5-ab01-f0f75b07b216', '45244b3f-510e-4cca-ac5b-cffa34002dbb', NULL, 'technique', '2026-02-12T20:02:18+00', '2026-02-12T20:04:42+00'),
  ('109a6158-2904-4ccd-a24c-802d13cf02f0', '42a43efd-7671-4941-a935-5db52d28c579', NULL, 'technique', '2026-02-12T15:15:30+00', '2026-02-12T15:27:58+00'),
  ('26c150de-d6c4-4f30-a552-e36d16cdcdef', '42a43efd-7671-4941-a935-5db52d28c579', 'a2b3c4d5-e6f7-4a8b-9c0d-1e2f3a4b5c6d', 'piece', '2026-02-12T15:27:58+00', '2026-02-12T15:28:04+00'),
  ('97d9bd80-f6fe-4f0d-a8e8-385c7fce8046', '42a43efd-7671-4941-a935-5db52d28c579', 'c6b8d48f-e6de-41ce-bd32-5ec49b40de23', 'piece', '2026-02-12T15:28:04+00', '2026-02-12T15:37:48+00'),
  ('da7feadf-ec7a-4ed5-aa1d-1897d13944b4', '42a43efd-7671-4941-a935-5db52d28c579', 'a2b3c4d5-e6f7-4a8b-9c0d-1e2f3a4b5c6d', 'piece', '2026-02-12T15:37:48+00', '2026-02-12T15:51:02+00'),
  ('ee8b23a8-c67e-4f42-a929-6bdeabe9932f', '5f1b39cb-288f-410e-afa4-95d4aef33ba3', NULL, 'technique', '2026-02-11T23:06:31+00', '2026-02-11T23:19:30+00'),
  ('06d64ad8-14cf-45a4-af0f-c797c7899a83', '7d16be41-f4c4-4a93-aaf9-f082cbea8182', 'e07a9e85-307a-4af9-8966-d1e824ec9ddb', 'piece', '2026-02-11T00:17:52+00', '2026-02-11T00:42:33+00'),
  ('847b5793-d208-4a45-acd5-19e0d5331ac4', 'ff657f09-c5e4-40f6-a730-9a8b39a47547', 'e07a9e85-307a-4af9-8966-d1e824ec9ddb', 'piece', '2026-02-10T21:00:45+00', '2026-02-10T21:27:49+00'),
  ('2c09522b-3836-4c5e-a075-cdb6478e860c', '0f3bbdd4-eb00-4e65-a605-84eb2d5d6120', 'a2b3c4d5-e6f7-4a8b-9c0d-1e2f3a4b5c6d', 'piece', '2026-02-10T19:36:26+00', '2026-02-10T19:50:42+00'),
  ('b5f26588-96c2-4613-a19e-91e18a39ea7f', '9174c126-f98a-4ab3-a36a-0200438c4d4b', 'a2b3c4d5-e6f7-4a8b-9c0d-1e2f3a4b5c6d', 'piece', '2026-02-10T19:16:15+00', '2026-02-10T19:19:50+00'),
  ('5850f6b5-283a-4216-a67b-2df6a79c6135', '80bbf466-e125-4511-acfb-7f56388dd19c', 'e07a9e85-307a-4af9-8966-d1e824ec9ddb', 'piece', '2026-02-10T16:32:01+00', '2026-02-10T16:43:35+00'),
  ('adde6029-bed7-4dee-a330-ae3d029899b6', '96eb5f32-5b9a-4ca2-ab4f-97150b22772f', NULL, 'technique', '2026-02-10T15:29:38+00', '2026-02-10T15:42:19+00'),
  ('e1429000-0c3a-40f5-acf4-0e9cfe10e829', '96eb5f32-5b9a-4ca2-ab4f-97150b22772f', 'b1a2c3d4-e5f6-4a7b-8c9d-0e1f2a3b4c5d', 'piece', '2026-02-10T15:42:19+00', '2026-02-10T15:49:25+00'),
  ('3f3f7dd4-bf7b-48ff-a226-e94362eed706', '96eb5f32-5b9a-4ca2-ab4f-97150b22772f', 'c6b8d48f-e6de-41ce-bd32-5ec49b40de23', 'piece', '2026-02-10T15:49:25+00', '2026-02-10T15:58:47+00'),
  ('e9c35d44-d41d-4c1b-a2a3-a1e79dd5563e', '98ff607a-32e7-4422-a964-0f41e27c5d77', 'c6b8d48f-e6de-41ce-bd32-5ec49b40de23', 'piece', '2026-02-09T22:06:18+00', '2026-02-09T22:19:43+00'),
  ('f1e095e2-847a-42ac-a7f4-8d9c74e9ff34', '98ff607a-32e7-4422-a964-0f41e27c5d77', 'a2b3c4d5-e6f7-4a8b-9c0d-1e2f3a4b5c6d', 'piece', '2026-02-09T22:22:14+00', '2026-02-09T22:34:32+00'),
  ('75ccd1f5-03e3-421b-af5d-186b2b78677b', '98ff607a-32e7-4422-a964-0f41e27c5d77', 'e07a9e85-307a-4af9-8966-d1e824ec9ddb', 'piece', '2026-02-09T22:34:32+00', '2026-02-09T22:44:55+00'),
  ('d8708782-a5c7-4e3e-a4ad-db971aebeb40', '8348f84d-3b68-402c-ad42-47eea7670966', 'b1a2c3d4-e5f6-4a7b-8c9d-0e1f2a3b4c5d', 'piece', '2026-02-09T18:47:10+00', '2026-02-09T19:03:09+00'),
  ('580c89b6-4cb0-43e9-acfa-4bd14757b5e3', '3c5e0130-f7aa-4839-a76e-5a85a00abac7', 'a2b3c4d5-e6f7-4a8b-9c0d-1e2f3a4b5c6d', 'piece', '2026-02-09T16:38:05+00', '2026-02-09T16:45:09+00'),
  ('25d824d9-e0be-4867-a870-9253249588e9', 'a5275329-7006-4aa2-a53a-cbe21007d39b', 'a2b3c4d5-e6f7-4a8b-9c0d-1e2f3a4b5c6d', 'piece', '2026-02-09T16:27:15+00', '2026-02-09T16:34:57+00'),
  ('aca9fd3f-dc5e-4e07-afdb-7e0baccc341d', 'cba9012d-6c69-4786-a027-9497aa57bbc7', NULL, 'technique', '2026-02-09T14:42:17+00', '2026-02-09T14:57:31+00'),
  ('cc74332e-44bd-42aa-a223-695699a747aa', 'cba9012d-6c69-4786-a027-9497aa57bbc7', 'e07a9e85-307a-4af9-8966-d1e824ec9ddb', 'piece', '2026-02-09T14:57:31+00', '2026-02-09T15:42:59+00'),
  ('75e350fa-bc3a-429a-ad9e-eabc25116c7c', '15c8cbc1-2ba8-4200-a95c-f477950ed5cd', 'c6b8d48f-e6de-41ce-bd32-5ec49b40de23', 'piece', '2026-02-08T22:45:17+00', '2026-02-08T23:27:54+00'),
  ('a9d9fa32-ba2d-4645-ae2c-ffa87a81f485', 'b7fbf2b7-05ff-40bb-aa87-d1381c105a09', 'a2b3c4d5-e6f7-4a8b-9c0d-1e2f3a4b5c6d', 'piece', '2026-02-08T18:45:59+00', '2026-02-08T19:09:05+00'),
  ('134c631b-bc96-414e-a688-7ba228623b94', 'deb2749f-6489-4f43-aee5-4038a1201cce', 'e07a9e85-307a-4af9-8966-d1e824ec9ddb', 'piece', '2026-02-07T01:10:22+00', '2026-02-07T01:25:02+00'),
  ('9526da19-10ab-40e9-a29b-688634d92481', '959bb92f-d8b9-487f-a8e3-1120104f47ac', 'e07a9e85-307a-4af9-8966-d1e824ec9ddb', 'piece', '2026-02-06T22:33:04+00', '2026-02-06T23:18:58+00'),
  ('de310da2-a569-4493-a518-2bf681c38a4b', '43411aa4-1744-4b78-a431-80cbe64bc090', NULL, 'technique', '2026-02-06T21:06:51+00', '2026-02-06T21:18:08+00'),
  ('2df16349-cf78-488e-a4c5-2570e09884c5', '43411aa4-1744-4b78-a431-80cbe64bc090', 'b1a2c3d4-e5f6-4a7b-8c9d-0e1f2a3b4c5d', 'piece', '2026-02-06T21:18:08+00', '2026-02-06T21:18:20+00'),
  ('e211def9-b56b-4094-ab51-b49a3c5dbd18', '43411aa4-1744-4b78-a431-80cbe64bc090', 'a2b3c4d5-e6f7-4a8b-9c0d-1e2f3a4b5c6d', 'piece', '2026-02-06T21:18:20+00', '2026-02-06T21:33:04+00'),
  ('9fb7591b-083d-45b1-aaa1-d15b20405b0e', '716f8937-a0bb-4925-af80-60ccb8a9b6ee', 'a2b3c4d5-e6f7-4a8b-9c0d-1e2f3a4b5c6d', 'piece', '2026-01-27T21:07:15+00', '2026-01-27T21:23:35+00'),
  ('6dddb262-af8d-4995-a872-4dde7b60b781', '716f8937-a0bb-4925-af80-60ccb8a9b6ee', 'e07a9e85-307a-4af9-8966-d1e824ec9ddb', 'piece', '2026-01-27T21:23:35+00', '2026-01-27T21:55:10+00'),
  ('f2f70eba-8073-4f9e-acf1-93a863142889', '39897ca7-81ee-47e1-a69d-763e9acb05ee', NULL, 'technique', '2026-01-27T16:01:34+00', '2026-01-27T16:11:48+00'),
  ('cd170aaa-152e-4ad2-a33c-ef7290acdc0b', '39897ca7-81ee-47e1-a69d-763e9acb05ee', 'b1a2c3d4-e5f6-4a7b-8c9d-0e1f2a3b4c5d', 'piece', '2026-01-27T16:11:48+00', '2026-01-27T16:23:18+00'),
  ('2b5d1fb7-d62e-457c-a9d2-47cf06bc5009', '39897ca7-81ee-47e1-a69d-763e9acb05ee', 'c6b8d48f-e6de-41ce-bd32-5ec49b40de23', 'piece', '2026-01-27T16:23:18+00', '2026-01-27T16:28:46+00'),
  ('629ae2c1-497e-4467-aa32-c51cab8d82aa', 'f97502f1-91cc-4166-a21d-3722fe7e43b1', 'c6b8d48f-e6de-41ce-bd32-5ec49b40de23', 'piece', '2026-01-26T21:33:26+00', '2026-01-26T21:38:00+00'),
  ('801ebc56-e4a8-4b3e-a19c-ce5d500f54f1', 'daefebf5-3033-443a-a1f2-152629c9eb4b', 'a2b3c4d5-e6f7-4a8b-9c0d-1e2f3a4b5c6d', 'piece', '2026-01-26T16:21:34+00', '2026-01-26T16:41:32+00'),
  ('5059ea08-6f6b-4b2c-ad22-01fd319a54a5', 'fb0c774d-7c85-49a4-a2d1-b6775c867e11', 'e07a9e85-307a-4af9-8966-d1e824ec9ddb', 'piece', '2026-01-23T21:44:03+00', '2026-01-23T21:52:12+00'),
  ('cd4baa5b-506f-46db-a4e3-01faa1f2f835', '7921357b-2dd2-4102-ad90-5a4e473d44ad', 'c6b8d48f-e6de-41ce-bd32-5ec49b40de23', 'piece', '2026-01-22T23:17:36+00', '2026-01-22T23:49:32+00'),
  ('8960f6ee-a46c-45ee-a4e2-4c75681d8e6c', 'aa21c317-3cff-4fa4-ad22-e56b30315e5c', 'c6b8d48f-e6de-41ce-bd32-5ec49b40de23', 'piece', '2026-01-22T18:57:38+00', '2026-01-22T19:18:27+00'),
  ('077169b1-bf75-46fd-ab33-853824338b42', 'd62b86bc-5824-47a8-ac7f-1f2aef7ee252', NULL, 'technique', '2026-01-22T14:58:42+00', '2026-01-22T15:11:11+00'),
  ('e1caf344-1119-4b2f-ad97-6e97f451a845', 'd62b86bc-5824-47a8-ac7f-1f2aef7ee252', 'b1a2c3d4-e5f6-4a7b-8c9d-0e1f2a3b4c5d', 'piece', '2026-01-22T15:11:11+00', '2026-01-22T15:16:51+00'),
  ('fa185921-18f9-43ca-aba6-da445c878f35', 'd62b86bc-5824-47a8-ac7f-1f2aef7ee252', 'e07a9e85-307a-4af9-8966-d1e824ec9ddb', 'piece', '2026-01-22T15:16:51+00', '2026-01-22T15:26:16+00'),
  ('05e27d43-bb07-4149-a714-608ee54cd4a9', 'ba4509d8-c266-443a-a88f-5f911762f306', 'e07a9e85-307a-4af9-8966-d1e824ec9ddb', 'piece', '2026-01-20T16:05:29+00', '2026-01-20T16:15:38+00'),
  ('0c23e112-4301-47ab-a316-da801e05f2dd', 'ba4509d8-c266-443a-a88f-5f911762f306', 'e07a9e85-307a-4af9-8966-d1e824ec9ddb', 'piece', '2026-01-20T16:16:31+00', '2026-01-20T16:44:24+00'),
  ('751e869b-8122-4e96-a18e-a35e60744882', '2d9fd875-7a8e-4efb-a6b3-d133c16a0707', 'a2b3c4d5-e6f7-4a8b-9c0d-1e2f3a4b5c6d', 'piece', '2026-01-19T23:22:06+00', '2026-01-19T23:47:18+00'),
  ('70ee8771-e4d2-4eda-a5f3-ccf3a3f7ab1b', '2d9fd875-7a8e-4efb-a6b3-d133c16a0707', 'e07a9e85-307a-4af9-8966-d1e824ec9ddb', 'piece', '2026-01-19T23:47:18+00', '2026-01-20T00:06:38+00'),
  ('869f3138-18ac-4bc6-a3dd-6c289df3dd93', 'bec8aa45-424f-41d3-a871-a2e0434eac1d', 'a2b3c4d5-e6f7-4a8b-9c0d-1e2f3a4b5c6d', 'piece', '2026-01-19T20:45:05+00', '2026-01-19T21:04:04+00'),
  ('f5a7aa19-50c1-4702-a0e2-969a98071941', 'bec8aa45-424f-41d3-a871-a2e0434eac1d', 'b1a2c3d4-e5f6-4a7b-8c9d-0e1f2a3b4c5d', 'piece', '2026-01-19T21:04:04+00', '2026-01-19T21:12:52+00'),
  ('08fc53b2-e852-4aa1-a5dd-7eb9d784f71f', 'bec8aa45-424f-41d3-a871-a2e0434eac1d', 'c6b8d48f-e6de-41ce-bd32-5ec49b40de23', 'piece', '2026-01-19T21:12:52+00', '2026-01-19T21:18:08+00'),
  ('cd0839ce-2b02-4cb8-a98a-0b6c736976b0', '3c8a261a-e9c8-4b30-ae8f-fb35e739eca8', NULL, 'technique', '2026-01-19T15:11:45+00', '2026-01-19T15:24:55+00'),
  ('6c0ddd90-9c7a-4978-a53e-6759ff4252ed', '3c8a261a-e9c8-4b30-ae8f-fb35e739eca8', 'e07a9e85-307a-4af9-8966-d1e824ec9ddb', 'piece', '2026-01-19T15:24:55+00', '2026-01-19T15:50:12+00'),
  ('8c3a4b9c-fa26-4378-a526-e876ea62b678', '3c8a261a-e9c8-4b30-ae8f-fb35e739eca8', 'e07a9e85-307a-4af9-8966-d1e824ec9ddb', 'piece', '2026-01-19T16:09:07+00', '2026-01-19T16:43:17+00'),
  ('4ed7027b-f8cf-4a2f-adeb-57b5a22b4765', '4e0445bf-5aec-4c8f-aaee-36403e5f9849', 'e07a9e85-307a-4af9-8966-d1e824ec9ddb', 'piece', '2026-01-16T23:00:21+00', '2026-01-16T23:12:30+00'),
  ('d77520e6-56ff-416d-a778-38f87aaf69f6', '17d51224-9043-4eac-a2c2-e2c5f6b9f62b', 'a2b3c4d5-e6f7-4a8b-9c0d-1e2f3a4b5c6d', 'piece', '2026-01-16T21:45:05+00', '2026-01-16T21:59:03+00'),
  ('e0ee4d66-0358-4b4d-ae60-0b32b2e8d778', '17d51224-9043-4eac-a2c2-e2c5f6b9f62b', 'e07a9e85-307a-4af9-8966-d1e824ec9ddb', 'piece', '2026-01-16T21:59:03+00', '2026-01-16T22:09:10+00'),
  ('7e648525-c30b-46ec-acaf-40b204b37e28', '0ad26eb3-8afe-4ef3-a8f6-4e7014ca41c1', 'e07a9e85-307a-4af9-8966-d1e824ec9ddb', 'piece', '2026-01-16T19:23:41+00', '2026-01-16T19:48:36+00'),
  ('ab6fc8f1-b7d9-46de-a7a6-6815cf130853', 'bf6cb6f8-8039-49d5-a55e-519200cad867', 'e07a9e85-307a-4af9-8966-d1e824ec9ddb', 'piece', '2026-01-16T16:38:29+00', '2026-01-16T16:38:41+00'),
  ('f7cf98e1-ea19-4ed7-aac7-969cdde9428b', 'bf6cb6f8-8039-49d5-a55e-519200cad867', 'c6b8d48f-e6de-41ce-bd32-5ec49b40de23', 'piece', '2026-01-16T16:38:41+00', '2026-01-16T16:46:04+00'),
  ('217dc15d-6287-468e-a8b0-93616a2803aa', '78254743-1be8-4a39-aed0-583601de6a74', 'e07a9e85-307a-4af9-8966-d1e824ec9ddb', 'piece', '2026-01-16T15:54:45+00', '2026-01-16T16:00:14+00'),
  ('2081e609-6d4b-47d4-af00-1551ff427b61', '10c7786c-610e-433d-a713-56007f9c813e', NULL, 'technique', '2026-01-16T15:08:49+00', '2026-01-16T15:19:15+00'),
  ('307640fd-3dcd-4dbf-a697-58d9405dcdc0', '10c7786c-610e-433d-a713-56007f9c813e', 'b1a2c3d4-e5f6-4a7b-8c9d-0e1f2a3b4c5d', 'piece', '2026-01-16T15:19:15+00', '2026-01-16T15:24:25+00'),
  ('b8e321de-f1da-42a5-a69a-1f02db7716db', '10c7786c-610e-433d-a713-56007f9c813e', 'e07a9e85-307a-4af9-8966-d1e824ec9ddb', 'piece', '2026-01-16T15:24:25+00', '2026-01-16T15:30:11+00'),
  ('2198bd78-c32f-4ab8-ab10-7ee671b95407', '10c7786c-610e-433d-a713-56007f9c813e', 'e07a9e85-307a-4af9-8966-d1e824ec9ddb', 'piece', '2026-01-16T15:36:06+00', '2026-01-16T15:47:01+00'),
  ('eaae8549-b799-4182-abc3-04cf57998eb9', 'a931e7d3-3077-4c4d-a81f-035bfa072ec6', 'b1a2c3d4-e5f6-4a7b-8c9d-0e1f2a3b4c5d', 'piece', '2026-01-15T16:04:54+00', '2026-01-15T16:12:39+00'),
  ('28346612-0139-499f-ae37-30cea1408848', 'a931e7d3-3077-4c4d-a81f-035bfa072ec6', 'e07a9e85-307a-4af9-8966-d1e824ec9ddb', 'piece', '2026-01-15T16:12:39+00', '2026-01-15T16:41:17+00'),
  ('93d7e873-47fd-4038-a097-661dcfc856fa', '85b31b1d-affb-4505-ad5f-f7eb3141566c', NULL, 'technique', '2026-01-15T14:59:51+00', '2026-01-15T15:06:28+00'),
  ('4e12b77c-7b89-4f7e-a616-a762aa86fe2c', '85b31b1d-affb-4505-ad5f-f7eb3141566c', 'a2b3c4d5-e6f7-4a8b-9c0d-1e2f3a4b5c6d', 'piece', '2026-01-15T15:06:28+00', '2026-01-15T15:06:30+00'),
  ('3f126244-eb95-44b7-a479-1884719f0d20', '85b31b1d-affb-4505-ad5f-f7eb3141566c', 'c6b8d48f-e6de-41ce-bd32-5ec49b40de23', 'piece', '2026-01-15T15:06:30+00', '2026-01-15T15:33:03+00'),
  ('1f9ae476-c02c-400e-a9a5-6cde58686dcc', '35dc9180-5ebe-4b7d-aabb-81dc8ebdf308', 'a2b3c4d5-e6f7-4a8b-9c0d-1e2f3a4b5c6d', 'piece', '2026-01-15T00:50:46+00', '2026-01-15T01:04:58+00'),
  ('03d77f13-f22a-4119-acfa-e48aeed48642', '0d77717b-bbfa-4f53-a456-88b2f9e02e98', NULL, 'technique', '2026-01-15T00:08:02+00', '2026-01-15T00:20:11+00'),
  ('93943425-d8d8-45ed-af82-79d4a3f725b3', '0d77717b-bbfa-4f53-a456-88b2f9e02e98', 'b1a2c3d4-e5f6-4a7b-8c9d-0e1f2a3b4c5d', 'piece', '2026-01-15T00:21:51+00', '2026-01-15T00:33:00+00'),
  ('33c208ff-ea61-4621-ae06-01e3e2ff2d11', '80c01801-d822-4077-a299-433c9a3843af', 'e07a9e85-307a-4af9-8966-d1e824ec9ddb', 'piece', '2026-01-13T16:15:10+00', '2026-01-13T16:40:22+00'),
  ('220193df-f0c6-4efd-a606-04592237d6f4', '52492caf-830b-4dde-a335-dd6c2bfcd6ee', NULL, 'technique', '2026-01-13T15:07:14+00', '2026-01-13T15:17:14+00'),
  ('d6f03252-fd19-4596-a4d4-b833e7a66313', '52492caf-830b-4dde-a335-dd6c2bfcd6ee', 'b1a2c3d4-e5f6-4a7b-8c9d-0e1f2a3b4c5d', 'piece', '2026-01-13T15:17:14+00', '2026-01-13T15:23:44+00'),
  ('6b96747f-2700-4ab9-a605-ebd1e2e3ce90', '52492caf-830b-4dde-a335-dd6c2bfcd6ee', 'e07a9e85-307a-4af9-8966-d1e824ec9ddb', 'piece', '2026-01-13T15:23:44+00', '2026-01-13T15:46:06+00'),
  ('a985a553-61d2-4f16-a1c2-d3dbe7e7c7b2', 'ae74c387-0775-4fc4-a816-00dd02de6fa8', 'c6b8d48f-e6de-41ce-bd32-5ec49b40de23', 'piece', '2026-01-12T23:14:31+00', '2026-01-12T23:26:00+00'),
  ('d4d701ab-d78d-4208-a51b-7721b85264e1', '5756e6b1-ddf9-4adf-acd9-dc05f5d99efb', NULL, 'technique', '2026-01-12T19:19:25+00', '2026-01-12T19:27:50+00'),
  ('373332ee-9e87-46a0-aa29-df6633c34cda', '5756e6b1-ddf9-4adf-acd9-dc05f5d99efb', 'b1a2c3d4-e5f6-4a7b-8c9d-0e1f2a3b4c5d', 'piece', '2026-01-12T19:27:50+00', '2026-01-12T19:51:47+00'),
  ('2d84e95e-e8fd-46f7-ade9-10a01d9c8535', '5756e6b1-ddf9-4adf-acd9-dc05f5d99efb', 'e07a9e85-307a-4af9-8966-d1e824ec9ddb', 'piece', '2026-01-12T19:51:47+00', '2026-01-12T20:10:05+00'),
  ('af726156-e6fb-4441-a2dc-7ebe0108866b', '5756e6b1-ddf9-4adf-acd9-dc05f5d99efb', 'e07a9e85-307a-4af9-8966-d1e824ec9ddb', 'piece', '2026-01-12T20:13:28+00', '2026-01-12T20:41:12+00'),
  ('b927609e-f128-4899-ab4b-70c0de4c86e7', '0c930e62-062c-4632-abf1-320081b0f961', NULL, 'technique', '2026-01-10T14:29:30+00', '2026-01-10T14:38:04+00'),
  ('74b33f2a-8706-4e7f-a23f-26179caf8bea', '0c930e62-062c-4632-abf1-320081b0f961', 'c6b8d48f-e6de-41ce-bd32-5ec49b40de23', 'piece', '2026-01-10T14:38:04+00', '2026-01-10T14:46:01+00'),
  ('26b1ac14-b830-4a39-a872-e0b11140825f', 'bb6b5f15-7d3d-4f3e-a2ab-fc7f06b4f027', 'b1a2c3d4-e5f6-4a7b-8c9d-0e1f2a3b4c5d', 'piece', '2026-01-09T21:57:01+00', '2026-01-09T22:06:53+00'),
  ('325766cf-8723-4d43-aea2-16438abace22', 'bb6b5f15-7d3d-4f3e-a2ab-fc7f06b4f027', 'e07a9e85-307a-4af9-8966-d1e824ec9ddb', 'piece', '2026-01-09T22:06:53+00', '2026-01-09T22:21:30+00'),
  ('772fe378-a509-4c9f-a8d9-f47d08b3cdaf', 'e33f9e95-4c58-4deb-adb6-3383f9539bf0', 'e07a9e85-307a-4af9-8966-d1e824ec9ddb', 'piece', '2026-01-08T21:37:32+00', '2026-01-08T22:25:18+00'),
  ('ca5fc29a-9a60-43d8-af2b-8c75855fd6b6', '38dc8f75-a9ad-48ba-ae47-d350ac2dc050', NULL, 'technique', '2026-01-08T15:10:13+00', '2026-01-08T15:35:47+00'),
  ('215d9783-45f4-4ba1-a4ed-9126cd19803d', '38dc8f75-a9ad-48ba-ae47-d350ac2dc050', 'b1a2c3d4-e5f6-4a7b-8c9d-0e1f2a3b4c5d', 'piece', '2026-01-08T15:35:47+00', '2026-01-08T15:41:26+00'),
  ('aaa0f1dd-ba7c-4b02-a332-3b0fbf4fb53b', 'da72ff0e-7bb2-47ea-ac6c-194e59ee164f', 'e07a9e85-307a-4af9-8966-d1e824ec9ddb', 'piece', '2026-01-06T16:05:07+00', '2026-01-06T16:41:19+00'),
  ('2d6da586-2272-4cc3-afe3-994f0be8b750', '56fe7605-7817-4767-ade7-70a8d3beb593', 'e07a9e85-307a-4af9-8966-d1e824ec9ddb', 'piece', '2026-01-06T15:44:53+00', '2026-01-06T16:01:46+00'),
  ('afc80c12-cbdd-4e7e-a02a-400a2852921b', '5170bc26-3f3f-4a36-abbb-71fc64a8d2b7', NULL, 'technique', '2026-01-06T14:00:21+00', '2026-01-06T14:06:38+00'),
  ('e21484fb-b1da-4986-a8a7-02f6035c94d5', '5170bc26-3f3f-4a36-abbb-71fc64a8d2b7', 'b1a2c3d4-e5f6-4a7b-8c9d-0e1f2a3b4c5d', 'piece', '2026-01-06T14:06:38+00', '2026-01-06T14:06:44+00'),
  ('64b52d93-4f4c-4f30-a9db-8a3ce4981ef2', '5170bc26-3f3f-4a36-abbb-71fc64a8d2b7', 'b1a2c3d4-e5f6-4a7b-8c9d-0e1f2a3b4c5d', 'piece', '2026-01-06T14:08:28+00', '2026-01-06T14:21:30+00'),
  ('cf4bfbc1-a025-4c1c-a8c3-ea76b40ce005', '5170bc26-3f3f-4a36-abbb-71fc64a8d2b7', 'c6b8d48f-e6de-41ce-bd32-5ec49b40de23', 'piece', '2026-01-06T14:21:30+00', '2026-01-06T14:38:57+00'),
  ('7802d2f2-b045-4e9c-a131-99410bab88d4', 'c8989c3c-f295-4f37-a2d9-f1327ba38fb2', 'b1a2c3d4-e5f6-4a7b-8c9d-0e1f2a3b4c5d', 'piece', '2026-01-06T00:54:21+00', '2026-01-06T01:11:33+00'),
  ('1861d275-6f01-44e9-aa66-0d770554cc46', 'c8989c3c-f295-4f37-a2d9-f1327ba38fb2', 'c6b8d48f-e6de-41ce-bd32-5ec49b40de23', 'piece', '2026-01-06T01:11:33+00', '2026-01-06T01:18:30+00'),
  ('10f2ad02-6369-4fb9-a44e-2735219e1cca', 'f99532ff-5f9c-4fcf-a0cf-31b2384cc388', 'c6b8d48f-e6de-41ce-bd32-5ec49b40de23', 'piece', '2026-01-05T22:09:08+00', '2026-01-05T22:11:10+00'),
  ('161e856f-8d35-4f52-a0e1-8a5e54770142', '5548e207-7402-4e9f-ac34-a172b0018ff0', 'c6b8d48f-e6de-41ce-bd32-5ec49b40de23', 'piece', '2026-01-05T21:39:51+00', '2026-01-05T22:02:11+00'),
  ('9319733c-c01d-468c-a1e2-0210e35c4542', '3a584fb2-6f03-4a9c-a2b0-4d919740c5a5', 'e07a9e85-307a-4af9-8966-d1e824ec9ddb', 'piece', '2026-01-05T19:20:13+00', '2026-01-05T20:01:32+00'),
  ('dc0a3baf-546d-4028-a932-35bf422ca5a2', '9b06d8ca-8b97-4919-aa63-ddd16afb0bc7', 'e07a9e85-307a-4af9-8966-d1e824ec9ddb', 'piece', '2026-01-05T19:00:57+00', '2026-01-05T19:02:00+00'),
  ('9536127d-8ba9-477c-ac0a-40975aadcb52', '61e2a3b7-eaf3-4075-af57-0e440390bb0d', 'e07a9e85-307a-4af9-8966-d1e824ec9ddb', 'piece', '2026-01-05T16:07:03+00', '2026-01-05T16:23:16+00'),
  ('7adbfe54-c2c3-45ca-ac31-41719b1b1ce3', '61e2a3b7-eaf3-4075-af57-0e440390bb0d', 'e07a9e85-307a-4af9-8966-d1e824ec9ddb', 'piece', '2026-01-05T16:37:18+00', '2026-01-05T16:41:37+00'),
  ('655ccbda-ec9a-4858-a4eb-7bddd3382862', 'b88f645e-581a-4b42-afaa-93b17ef42f92', NULL, 'technique', '2026-01-05T14:57:52+00', '2026-01-05T15:49:06+00'),
  ('bf32cf42-76e7-4072-ae18-efaef626c00f', 'b88f645e-581a-4b42-afaa-93b17ef42f92', 'b1a2c3d4-e5f6-4a7b-8c9d-0e1f2a3b4c5d', 'piece', '2026-01-05T15:49:06+00', '2026-01-05T16:01:06+00'),
  ('a27a727f-3d7a-4be1-a16d-2944fc8ab423', '78ba1438-b933-4900-a599-9bf04051490b', 'e07a9e85-307a-4af9-8966-d1e824ec9ddb', 'piece', '2026-01-04T23:00:00+00', '2026-01-04T23:22:51+00'),
  ('1af2c1d2-1ac3-406a-ac29-f6f2e1d90997', '78ba1438-b933-4900-a599-9bf04051490b', 'a2b3c4d5-e6f7-4a8b-9c0d-1e2f3a4b5c6d', 'piece', '2026-01-04T23:22:51+00', '2026-01-04T23:32:46+00'),
  ('3644781d-58ed-4b38-ac50-c1f1c07f0646', '1b6c51ad-cf8c-4688-ad1a-99d8aec43684', 'c6b8d48f-e6de-41ce-bd32-5ec49b40de23', 'piece', '2026-01-04T19:39:18+00', '2026-01-04T19:40:40+00'),
  ('2dd3db92-d8ac-485a-a02c-040859b888b5', '1b6c51ad-cf8c-4688-ad1a-99d8aec43684', 'e07a9e85-307a-4af9-8966-d1e824ec9ddb', 'piece', '2026-01-04T20:14:02+00', '2026-01-04T20:36:27+00'),
  ('c9d75ce8-a0e5-4595-a56e-eb63d8d75fa8', 'd4e3ef9f-cc0d-4d28-afb5-74d236de1bfa', 'c6b8d48f-e6de-41ce-bd32-5ec49b40de23', 'piece', '2026-01-04T18:05:44+00', '2026-01-04T18:28:12+00'),
  ('26d16b17-0edf-450e-ad5f-144c307959ee', '530a56fe-755c-465e-ae01-2f92c8c57b42', NULL, 'technique', '2026-01-04T14:49:45+00', '2026-01-04T15:14:44+00'),
  ('f74bafbd-09fb-4fc9-a535-99903b69073a', '530a56fe-755c-465e-ae01-2f92c8c57b42', 'b1a2c3d4-e5f6-4a7b-8c9d-0e1f2a3b4c5d', 'piece', '2026-01-04T15:14:44+00', '2026-01-04T15:32:05+00'),
  ('aec275a7-f446-4070-aa3f-7f3118c346e9', '530a56fe-755c-465e-ae01-2f92c8c57b42', 'e07a9e85-307a-4af9-8966-d1e824ec9ddb', 'piece', '2026-01-04T15:56:59+00', '2026-01-04T16:15:11+00'),
  ('5956326b-1dfb-43f2-a14d-0d896e1f6819', '9c2a8981-c346-4e39-a3b0-bb8144bbb538', 'e07a9e85-307a-4af9-8966-d1e824ec9ddb', 'piece', '2026-01-03T20:44:13+00', '2026-01-03T20:58:49+00'),
  ('eced236d-fd72-4d4a-abb3-199230d67155', '868a2c2f-7d75-464c-a97a-37c6d4f144f1', 'e07a9e85-307a-4af9-8966-d1e824ec9ddb', 'piece', '2026-01-03T19:10:52+00', '2026-01-03T19:30:43+00'),
  ('975c3f15-3742-4f35-afee-bd4fd0d01b9b', '868a2c2f-7d75-464c-a97a-37c6d4f144f1', 'b1a2c3d4-e5f6-4a7b-8c9d-0e1f2a3b4c5d', 'piece', '2026-01-03T19:33:33+00', '2026-01-03T19:33:36+00'),
  ('ff48675e-9e39-443e-ad13-f2187079eb42', '868a2c2f-7d75-464c-a97a-37c6d4f144f1', 'e07a9e85-307a-4af9-8966-d1e824ec9ddb', 'piece', '2026-01-03T19:33:36+00', '2026-01-03T19:33:37+00'),
  ('545d3f00-e9c4-40fd-a734-bced33900ee3', '868a2c2f-7d75-464c-a97a-37c6d4f144f1', 'e07a9e85-307a-4af9-8966-d1e824ec9ddb', 'piece', '2026-01-03T19:35:31+00', '2026-01-03T19:52:30+00'),
  ('7cffaa0d-bb09-447b-a09a-91b0556bcbd1', 'e514b349-9bc8-480f-abd6-82a1cf7fd308', NULL, 'technique', '2026-01-03T14:07:58+00', '2026-01-03T14:19:04+00'),
  ('15f58f00-0c44-4180-a0b1-341cbd0c1edd', 'e514b349-9bc8-480f-abd6-82a1cf7fd308', 'e07a9e85-307a-4af9-8966-d1e824ec9ddb', 'piece', '2026-01-03T14:19:04+00', '2026-01-03T14:40:04+00'),
  ('00cf9e80-7c15-4e72-aff5-496efb24d630', 'e514b349-9bc8-480f-abd6-82a1cf7fd308', 'b1a2c3d4-e5f6-4a7b-8c9d-0e1f2a3b4c5d', 'piece', '2026-01-03T14:40:04+00', '2026-01-03T15:18:22+00'),
  ('4dbfae5c-f9f8-4ed4-af65-50c907e8644d', 'e514b349-9bc8-480f-abd6-82a1cf7fd308', 'c6b8d48f-e6de-41ce-bd32-5ec49b40de23', 'piece', '2026-01-03T15:30:09+00', '2026-01-03T15:43:15+00'),
  ('d84a7834-7bdb-4cb2-a49a-ea14aa7b5a72', '7389aa41-1fa2-4b66-a1c8-dae86a4c68aa', 'b1a2c3d4-e5f6-4a7b-8c9d-0e1f2a3b4c5d', 'piece', '2025-12-24T15:48:20+00', '2025-12-24T16:04:06+00'),
  ('d83f6d2d-3bc2-4996-a9bb-17096be0f878', '7389aa41-1fa2-4b66-a1c8-dae86a4c68aa', 'b1a2c3d4-e5f6-4a7b-8c9d-0e1f2a3b4c5d', 'piece', '2025-12-24T16:04:30+00', '2025-12-24T16:08:12+00'),
  ('925d4787-06c7-48ef-ab27-b0ea1e395880', '7389aa41-1fa2-4b66-a1c8-dae86a4c68aa', 'b1a2c3d4-e5f6-4a7b-8c9d-0e1f2a3b4c5d', 'piece', '2025-12-24T16:10:40+00', '2025-12-24T16:40:56+00'),
  ('a4a95d6e-99a8-4cb2-aa72-3b76c8b77323', '2427c814-674e-4bfb-a150-ddf2d37e7418', NULL, 'technique', '2025-12-24T15:06:03+00', '2025-12-24T15:16:25+00'),
  ('7ac21130-70e2-4c15-aaee-63885cf34353', '2427c814-674e-4bfb-a150-ddf2d37e7418', 'c6b8d48f-e6de-41ce-bd32-5ec49b40de23', 'piece', '2025-12-24T15:16:25+00', '2025-12-24T15:16:31+00'),
  ('92caffad-64e0-42d1-adf7-46bf718fe94c', '2427c814-674e-4bfb-a150-ddf2d37e7418', 'a2b3c4d5-e6f7-4a8b-9c0d-1e2f3a4b5c6d', 'piece', '2025-12-24T15:16:31+00', '2025-12-24T15:44:23+00'),
  ('2b1d42cb-1674-4925-aef9-d308c7ae31c3', '9ded0abb-2758-41b1-af24-af498e070f7e', 'e07a9e85-307a-4af9-8966-d1e824ec9ddb', 'piece', '2025-12-22T16:28:29+00', '2025-12-22T16:28:42+00'),
  ('57fc896b-a910-4c90-a3d4-7587c4c66572', '61c7e4c1-7b85-46f2-aa84-a1d9df5d484b', NULL, 'technique', '2025-12-22T15:41:54+00', '2025-12-22T15:52:15+00'),
  ('f7e92d63-b52c-4968-a6b5-b269b85da254', '61c7e4c1-7b85-46f2-aa84-a1d9df5d484b', 'b1a2c3d4-e5f6-4a7b-8c9d-0e1f2a3b4c5d', 'piece', '2025-12-22T15:52:15+00', '2025-12-22T16:22:11+00'),
  ('b7e2ca89-7e23-4fad-a892-4a8f42a5536c', 'da8ae193-2b0a-4f08-aba0-f2f258b89e3e', 'c6b8d48f-e6de-41ce-bd32-5ec49b40de23', 'piece', '2025-12-21T23:59:02+00', '2025-12-22T00:03:47+00'),
  ('4f764e43-bc13-4e96-a813-de50d3ff20c4', '9109cf61-27e2-44f9-aed4-ded6c47e063d', 'a2b3c4d5-e6f7-4a8b-9c0d-1e2f3a4b5c6d', 'piece', '2025-12-21T22:34:26+00', '2025-12-21T22:48:40+00'),
  ('9149a080-0398-4980-a244-04767f6e7043', 'be5e98fc-aed1-40af-a544-a3dd33001e41', 'c6b8d48f-e6de-41ce-bd32-5ec49b40de23', 'piece', '2025-12-21T19:51:04+00', '2025-12-21T20:04:36+00'),
  ('cd9cfa8b-e30f-4d30-af5d-b84f7af154d8', 'be5e98fc-aed1-40af-a544-a3dd33001e41', 'e07a9e85-307a-4af9-8966-d1e824ec9ddb', 'piece', '2025-12-21T20:17:07+00', '2025-12-21T20:28:37+00'),
  ('d5001512-66b7-4d9d-a3e7-2426988de7e5', 'bb4baea3-1ea1-4bb8-a1b8-542701faa4df', 'e07a9e85-307a-4af9-8966-d1e824ec9ddb', 'piece', '2025-12-21T18:52:23+00', '2025-12-21T19:06:30+00'),
  ('d7f15e82-5457-41f2-ab6c-959ec7931c5c', 'bb4baea3-1ea1-4bb8-a1b8-542701faa4df', 'c6b8d48f-e6de-41ce-bd32-5ec49b40de23', 'piece', '2025-12-21T19:06:30+00', '2025-12-21T19:09:43+00'),
  ('063b1bef-a081-44a3-adb6-e04c05ee7011', 'f2d66d6f-f630-4863-a804-8a0f30479402', NULL, 'technique', '2025-12-21T17:59:01+00', '2025-12-21T18:04:35+00'),
  ('9787a8a0-9f80-49eb-a470-6c2ab764f2b7', 'f2d66d6f-f630-4863-a804-8a0f30479402', 'b1a2c3d4-e5f6-4a7b-8c9d-0e1f2a3b4c5d', 'piece', '2025-12-21T18:04:35+00', '2025-12-21T18:25:32+00'),
  ('5781d950-2780-4347-a1f2-3cc05e7aa7a4', 'f2d66d6f-f630-4863-a804-8a0f30479402', 'b1a2c3d4-e5f6-4a7b-8c9d-0e1f2a3b4c5d', 'piece', '2025-12-21T18:28:20+00', '2025-12-21T18:47:01+00'),
  ('02300c00-4ddb-4ec8-a446-1be32dbd4cad', '6a2c2fda-2717-49a5-a6a0-fca785eaf71d', NULL, 'technique', '2025-12-21T17:46:27+00', '2025-12-21T17:52:23+00'),
  ('0ded13ea-398e-4181-a22a-0ac9c7dc8f2b', '0cafe5bb-0487-4069-a280-3d5f3662796c', 'e07a9e85-307a-4af9-8966-d1e824ec9ddb', 'piece', '2025-12-21T02:24:41+00', '2025-12-21T02:52:35+00'),
  ('1fcc58f7-f1a9-4803-af87-0774a8f9e3cd', '58da034e-b2e5-4224-a256-fa0da2c7a0c8', 'e07a9e85-307a-4af9-8966-d1e824ec9ddb', 'piece', '2025-12-20T00:38:24+00', '2025-12-20T00:46:48+00'),
  ('d0c8eccf-b463-4f2e-a416-c125a04bad1b', 'fe04b06e-cd5b-4188-ac74-c302ed05c538', 'c6b8d48f-e6de-41ce-bd32-5ec49b40de23', 'piece', '2025-12-19T21:21:29+00', '2025-12-19T21:48:38+00'),
  ('52203f05-a9df-48db-a474-03498211a35b', 'a87f0034-6840-4049-a206-bef406f347e4', NULL, 'technique', '2025-12-19T14:40:07+00', '2025-12-19T14:51:31+00'),
  ('dc9f4b68-f8d6-40d4-a06e-491b9a9bc92e', 'a87f0034-6840-4049-a206-bef406f347e4', 'b1a2c3d4-e5f6-4a7b-8c9d-0e1f2a3b4c5d', 'piece', '2025-12-19T14:51:31+00', '2025-12-19T15:29:33+00'),
  ('155a8d23-b055-4893-a22d-b86ae86a31e3', 'a87f0034-6840-4049-a206-bef406f347e4', 'c6b8d48f-e6de-41ce-bd32-5ec49b40de23', 'piece', '2025-12-19T15:29:33+00', '2025-12-19T15:34:36+00'),
  ('7dbab2bd-cbc2-45b9-acfa-3d2b0005a4c3', '08deac6f-5b55-4b10-a87e-15fdeb7797af', 'c6b8d48f-e6de-41ce-bd32-5ec49b40de23', 'piece', '2025-12-19T03:12:21+00', '2025-12-19T03:29:37+00'),
  ('eddd3594-8639-4c98-ab01-b4fb68a110b5', 'a0c2048f-a5d3-4345-ab59-eb6b9750c6d4', 'e07a9e85-307a-4af9-8966-d1e824ec9ddb', 'piece', '2025-12-19T01:20:51+00', '2025-12-19T01:20:53+00'),
  ('94d4eb07-a438-4fb9-a2c5-7cdb6b7c0bb2', 'a0c2048f-a5d3-4345-ab59-eb6b9750c6d4', 'c6b8d48f-e6de-41ce-bd32-5ec49b40de23', 'piece', '2025-12-19T01:20:53+00', '2025-12-19T01:29:46+00'),
  ('853e727c-0952-47bd-a1f5-d1f8b5854529', '2b3377c4-49b1-401c-a1fd-e02600dc38d2', 'b1a2c3d4-e5f6-4a7b-8c9d-0e1f2a3b4c5d', 'piece', '2025-12-19T00:06:00+00', '2025-12-19T00:37:48+00'),
  ('df82c675-e029-43f6-a25f-a2c70996d5a9', '03e31403-588d-4a29-a3ab-cb0220c05dbc', 'a2b3c4d5-e6f7-4a8b-9c0d-1e2f3a4b5c6d', 'piece', '2025-12-18T18:14:56+00', '2025-12-18T18:28:58+00'),
  ('1956fc2c-059a-4397-a3cc-09b686a86df3', '0fe75bfb-ad77-4f63-a23d-b58e6d82e216', 'c6b8d48f-e6de-41ce-bd32-5ec49b40de23', 'piece', '2025-12-18T16:33:30+00', '2025-12-18T16:40:46+00'),
  ('7ca9bc5c-e808-427f-ac68-49588c5fb596', 'eb4ee4ef-d2b9-4617-a9dc-5e3039bf1765', 'e07a9e85-307a-4af9-8966-d1e824ec9ddb', 'piece', '2025-12-18T15:45:45+00', '2025-12-18T15:59:59+00'),
  ('0311890d-5533-4591-a414-f922a83cdd5b', '91c215a0-006a-48de-a563-102c7dd23ab4', NULL, 'technique', '2025-12-18T14:29:38+00', '2025-12-18T14:42:32+00'),
  ('11a3dab1-f603-40fa-aedb-3264b4e14354', '91c215a0-006a-48de-a563-102c7dd23ab4', 'b1a2c3d4-e5f6-4a7b-8c9d-0e1f2a3b4c5d', 'piece', '2025-12-18T14:42:32+00', '2025-12-18T15:18:43+00'),
  ('ddcb94c5-6974-4999-ab42-949aead0e54f', '91c215a0-006a-48de-a563-102c7dd23ab4', 'b1a2c3d4-e5f6-4a7b-8c9d-0e1f2a3b4c5d', 'piece', '2025-12-18T15:25:41+00', '2025-12-18T15:37:20+00'),
  ('087031b0-41ef-4ddd-ae5f-802b055c23ab', 'fdcb76d7-b484-4b06-a216-6b5938207737', 'b1a2c3d4-e5f6-4a7b-8c9d-0e1f2a3b4c5d', 'piece', '2025-12-17T23:47:11+00', '2025-12-18T00:11:35+00'),
  ('bfde871f-8926-4e0d-af4e-2e6f46b56bc0', '0fd2e7ea-3223-4b5d-a17a-0d9e473dbce0', 'c6b8d48f-e6de-41ce-bd32-5ec49b40de23', 'piece', '2025-12-17T19:27:25+00', '2025-12-17T19:59:17+00'),
  ('5f32c70f-a4a6-464c-a0ba-b28e7982f7c4', 'be0bc962-c083-4646-a676-dfacde17d92b', 'a2b3c4d5-e6f7-4a8b-9c0d-1e2f3a4b5c6d', 'piece', '2025-12-17T16:15:04+00', '2025-12-17T16:33:58+00'),
  ('d3cab240-ddc2-4578-a86f-e4e199cf2645', 'be0bc962-c083-4646-a676-dfacde17d92b', 'c6b8d48f-e6de-41ce-bd32-5ec49b40de23', 'piece', '2025-12-17T16:33:58+00', '2025-12-17T16:40:33+00'),
  ('f99934f0-1964-4c5c-a989-cb6e394e7a46', '7ac26334-ceb4-4a84-ae9d-d76c36fb2dbe', NULL, 'technique', '2025-12-17T14:22:39+00', '2025-12-17T14:34:44+00'),
  ('652f9d53-038f-4a47-a2ce-a91dc603a6f5', '7ac26334-ceb4-4a84-ae9d-d76c36fb2dbe', 'b1a2c3d4-e5f6-4a7b-8c9d-0e1f2a3b4c5d', 'piece', '2025-12-17T14:34:44+00', '2025-12-17T15:00:42+00'),
  ('fe1f7667-d60e-4c2f-aee8-0f7f84adb237', '7ac26334-ceb4-4a84-ae9d-d76c36fb2dbe', 'e07a9e85-307a-4af9-8966-d1e824ec9ddb', 'piece', '2025-12-17T15:00:42+00', '2025-12-17T15:33:13+00'),
  ('d6f0ebf5-8f6e-4c5d-a442-c81a926e8a9c', '7ac26334-ceb4-4a84-ae9d-d76c36fb2dbe', 'e07a9e85-307a-4af9-8966-d1e824ec9ddb', 'piece', '2025-12-17T15:49:35+00', '2025-12-17T16:01:44+00'),
  ('3a6ab26d-c25d-471f-a5b8-fe4149a75797', '90f8e038-09f6-4926-ad44-bc68f138cd11', NULL, 'technique', '2025-12-16T14:43:09+00', '2025-12-16T14:55:43+00'),
  ('83f44d15-1709-4376-a71c-f5ffcb426d87', '90f8e038-09f6-4926-ad44-bc68f138cd11', NULL, 'technique', '2025-12-16T16:19:07+00', '2025-12-16T16:36:28+00'),
  ('6a51b42b-0e00-4906-a62b-662db4805667', '90f8e038-09f6-4926-ad44-bc68f138cd11', 'c3d4e5f6-a7b8-4c9d-0e1f-2a3b4c5d6e7f', 'piece', '2025-12-16T16:36:28+00', '2025-12-16T16:49:26+00'),
  ('653dbaa6-a7a0-43d9-a81c-1967e35c0128', '05d0d25f-83c9-480d-a8b5-94db71b75b3d', 'a2b3c4d5-e6f7-4a8b-9c0d-1e2f3a4b5c6d', 'piece', '2025-12-15T19:07:20+00', '2025-12-15T19:41:26+00'),
  ('e1d77601-a306-48cc-af8f-6745f960b9ad', 'cb4ec856-bb0e-4002-a69a-156c9524a873', 'e07a9e85-307a-4af9-8966-d1e824ec9ddb', 'piece', '2025-12-15T16:25:38+00', '2025-12-15T16:43:51+00'),
  ('63a872ab-bfb1-49dd-a3a7-f622bc21233d', '0339ce70-3a19-4212-aa60-111a9e77e35b', NULL, 'technique', '2025-12-15T14:50:30+00', '2025-12-15T15:02:55+00'),
  ('4c78e896-abb9-4716-a2ba-d0396f9fa5d4', '0339ce70-3a19-4212-aa60-111a9e77e35b', NULL, 'sight_reading', '2025-12-15T15:02:55+00', '2025-12-15T15:08:25+00'),
  ('982c960c-0ac4-4596-ac78-816ea6484a50', '0339ce70-3a19-4212-aa60-111a9e77e35b', 'c6b8d48f-e6de-41ce-bd32-5ec49b40de23', 'piece', '2025-12-15T15:08:25+00', '2025-12-15T15:29:22+00'),
  ('8b1e3f88-62d9-4ce7-a97c-5cb65daa83d6', '0339ce70-3a19-4212-aa60-111a9e77e35b', 'c6b8d48f-e6de-41ce-bd32-5ec49b40de23', 'piece', '2025-12-15T15:32:12+00', '2025-12-15T15:48:07+00'),
  ('2e091359-c192-4775-aaf6-606e8a9dc421', '0339ce70-3a19-4212-aa60-111a9e77e35b', 'e07a9e85-307a-4af9-8966-d1e824ec9ddb', 'piece', '2025-12-15T15:48:07+00', '2025-12-15T15:48:14+00'),
  ('d27df7cd-0a6a-4aa8-a7e0-0af587f63cc2', '50a774e0-5722-4a86-a32f-6a4fa983d429', NULL, 'technique', '2025-12-15T14:34:17+00', '2025-12-15T14:50:25+00'),
  ('03c6c8e5-a290-4784-a97c-7af650617878', '8ac20101-48bf-430a-a896-2cf0f3f0e836', 'c3d4e5f6-a7b8-4c9d-0e1f-2a3b4c5d6e7f', 'piece', '2025-12-13T17:02:56+00', '2025-12-13T17:19:49+00'),
  ('c3843299-1463-400d-a2a7-4231029187f9', '8ac20101-48bf-430a-a896-2cf0f3f0e836', 'e07a9e85-307a-4af9-8966-d1e824ec9ddb', 'piece', '2025-12-13T17:19:49+00', '2025-12-13T17:34:26+00'),
  ('cab7842f-6465-4d18-ae74-b74ce21e62d7', '2e476bb4-3da1-4612-acc8-ae5ab526c353', 'a2b3c4d5-e6f7-4a8b-9c0d-1e2f3a4b5c6d', 'piece', '2025-12-13T16:15:09+00', '2025-12-13T16:51:18+00'),
  ('e358927f-3911-487a-a5d4-805029279966', '4589b02f-52aa-4cea-a902-a125279cabc6', NULL, 'technique', '2025-12-13T14:36:32+00', '2025-12-13T14:51:39+00'),
  ('110def61-b02d-4175-a34b-d8a9cf74beb4', '4589b02f-52aa-4cea-a902-a125279cabc6', 'c6b8d48f-e6de-41ce-bd32-5ec49b40de23', 'piece', '2025-12-13T14:51:39+00', '2025-12-13T15:22:32+00'),
  ('4c8942d4-dcc6-494b-a667-391371ff5b5c', '2babd272-80aa-476b-a9c1-a0e140628e38', 'e07a9e85-307a-4af9-8966-d1e824ec9ddb', 'piece', '2025-12-13T00:31:00+00', '2025-12-13T00:48:28+00'),
  ('c0b16b97-1741-4c40-afa6-9b0583dcbd7a', '1d79f80b-cfea-4b65-af24-9e7af00d8faa', 'c6b8d48f-e6de-41ce-bd32-5ec49b40de23', 'piece', '2025-12-12T23:51:34+00', '2025-12-13T00:24:11+00'),
  ('d0919243-4441-4949-aefa-516f1bb70f32', 'e800eb77-274c-409b-a60f-c118fe80feb2', 'e07a9e85-307a-4af9-8966-d1e824ec9ddb', 'piece', '2025-12-12T16:03:41+00', '2025-12-12T16:43:01+00'),
  ('1c5f5909-d0a0-45a2-ae2e-647ae2929032', '8fd20d16-0d7f-42c9-a4b9-910e97a1380f', NULL, 'technique', '2025-12-12T14:24:32+00', '2025-12-12T14:46:13+00'),
  ('a7edbb4a-ad5a-4ca6-ab48-7a411e067730', '8fd20d16-0d7f-42c9-a4b9-910e97a1380f', 'c6b8d48f-e6de-41ce-bd32-5ec49b40de23', 'piece', '2025-12-12T14:47:48+00', '2025-12-12T15:38:26+00'),
  ('ba702f34-acd6-4822-a5e8-8eaccac81c9e', '8fd20d16-0d7f-42c9-a4b9-910e97a1380f', 'a2b3c4d5-e6f7-4a8b-9c0d-1e2f3a4b5c6d', 'piece', '2025-12-12T15:38:26+00', '2025-12-12T15:49:33+00'),
  ('0a059909-8dea-4b15-a372-ab118af9c8df', 'b83e96f1-17ac-43ab-ad8c-7760628cd52e', 'a2b3c4d5-e6f7-4a8b-9c0d-1e2f3a4b5c6d', 'piece', '2025-12-12T04:00:08+00', '2025-12-12T04:25:53+00'),
  ('aefa1eac-858c-458e-ae20-99e81ce22154', '3f099413-6a84-489b-a574-1dffbe1da22d', 'a2b3c4d5-e6f7-4a8b-9c0d-1e2f3a4b5c6d', 'piece', '2025-12-12T03:46:49+00', '2025-12-12T03:52:27+00'),
  ('b0f0d597-99b5-4e21-a4be-1dc5a4969c48', '34d78290-72af-42a7-a441-8e02be037d27', NULL, 'technique', '2025-12-11T21:48:06+00', '2025-12-11T21:50:19+00'),
  ('3801c9ec-44a9-4a38-ac14-753f96f8355c', '34d78290-72af-42a7-a441-8e02be037d27', 'c6b8d48f-e6de-41ce-bd32-5ec49b40de23', 'piece', '2025-12-11T21:50:19+00', '2025-12-11T22:13:59+00'),
  ('e1c19b2c-af71-4b19-a69c-e1cf45545400', '43e576c1-6f72-4641-abc2-588c686b3dc9', 'c3d4e5f6-a7b8-4c9d-0e1f-2a3b4c5d6e7f', 'piece', '2025-12-11T17:48:58+00', '2025-12-11T18:03:14+00'),
  ('0564f2fc-77da-4f1f-ac80-e425463a7b60', '43e576c1-6f72-4641-abc2-588c686b3dc9', 'e07a9e85-307a-4af9-8966-d1e824ec9ddb', 'piece', '2025-12-11T18:03:14+00', '2025-12-11T18:32:44+00'),
  ('1687b64c-b6cd-4d88-ae4d-e2873eb12450', '5360f02f-7ce3-46f8-a82b-528068540f26', NULL, 'technique', '2025-12-11T15:11:59+00', '2025-12-11T15:31:11+00'),
  ('33bee40c-dcbe-493a-a2a0-0e63685ffdad', '5360f02f-7ce3-46f8-a82b-528068540f26', 'c6b8d48f-e6de-41ce-bd32-5ec49b40de23', 'piece', '2025-12-11T15:31:11+00', '2025-12-11T15:46:34+00'),
  ('159d1392-3758-4e0e-a659-3dc1a805e192', '458cca11-4fb4-4c4f-a8cb-a28f5059280d', 'c6b8d48f-e6de-41ce-bd32-5ec49b40de23', 'piece', '2025-12-11T00:09:57+00', '2025-12-11T00:20:41+00'),
  ('4f2da584-401a-45f6-a205-8afdfb34b0fa', 'd313e045-fd8f-4db0-aaa7-20e08b8e3efa', 'c6b8d48f-e6de-41ce-bd32-5ec49b40de23', 'piece', '2025-12-10T21:50:01+00', '2025-12-10T22:16:00+00'),
  ('3ca0c3ce-8786-4775-aa58-4fe163c91f7a', '622cdf34-de9d-4c17-a789-91aaf09ac6ab', 'c6b8d48f-e6de-41ce-bd32-5ec49b40de23', 'piece', '2025-12-10T20:33:23+00', '2025-12-10T20:33:26+00'),
  ('27e3e118-ef52-4d43-a94f-6164b99885e6', '622cdf34-de9d-4c17-a789-91aaf09ac6ab', 'e07a9e85-307a-4af9-8966-d1e824ec9ddb', 'piece', '2025-12-10T20:33:26+00', '2025-12-10T20:51:47+00'),
  ('ecbd62e9-b5b1-48d0-a265-8b9b23b5ca6d', '0565ccbd-b178-4c98-a963-91cb79a420cd', NULL, 'technique', '2025-12-10T19:32:01+00', '2025-12-10T19:40:00+00'),
  ('e4e146d0-32e3-4898-a76b-68b3a6a30839', '0565ccbd-b178-4c98-a963-91cb79a420cd', 'c6b8d48f-e6de-41ce-bd32-5ec49b40de23', 'piece', '2025-12-10T19:40:00+00', '2025-12-10T20:13:42+00'),
  ('1ed8f865-bff5-476c-ad84-931f8023bcfb', 'afb1185a-f52f-4bb4-a37c-abbeca82d3eb', 'e07a9e85-307a-4af9-8966-d1e824ec9ddb', 'piece', '2025-12-09T19:28:13+00', '2025-12-09T19:48:01+00'),
  ('050543dc-89c7-4d30-a002-3db7dd8f879c', 'afb1185a-f52f-4bb4-a37c-abbeca82d3eb', 'a2b3c4d5-e6f7-4a8b-9c0d-1e2f3a4b5c6d', 'piece', '2025-12-09T19:48:01+00', '2025-12-09T19:48:14+00'),
  ('f4028b27-7ac5-426b-ab49-bfe0fecf62ea', 'afb1185a-f52f-4bb4-a37c-abbeca82d3eb', 'e07a9e85-307a-4af9-8966-d1e824ec9ddb', 'piece', '2025-12-09T19:48:14+00', '2025-12-09T19:55:54+00'),
  ('effa4549-f972-4279-aafb-173839704822', 'efb1ff13-6c18-4293-ae0b-c8762831433b', 'c6b8d48f-e6de-41ce-bd32-5ec49b40de23', 'piece', '2025-12-09T18:48:30+00', '2025-12-09T19:10:56+00'),
  ('f4a931da-a8b1-4769-a3fe-23bde7ebefde', 'efb1ff13-6c18-4293-ae0b-c8762831433b', 'c3d4e5f6-a7b8-4c9d-0e1f-2a3b4c5d6e7f', 'piece', '2025-12-09T19:10:56+00', '2025-12-09T19:24:45+00'),
  ('975d21f0-b7a4-4d33-a4aa-79795f0a42fe', 'f88df3f8-0fee-438c-a1d7-e72b9df938ac', NULL, 'technique', '2025-12-09T15:20:50+00', '2025-12-09T15:53:06+00'),
  ('680f3df7-19b7-4023-a3bd-f216735d7f9a', 'f88df3f8-0fee-438c-a1d7-e72b9df938ac', 'c3d4e5f6-a7b8-4c9d-0e1f-2a3b4c5d6e7f', 'piece', '2025-12-09T15:53:06+00', '2025-12-09T15:57:44+00'),
  ('7b30ddc5-bb32-4d29-a0c8-7bb48067602b', '09ca5222-760c-4603-a1e8-508ef0440d59', 'c6b8d48f-e6de-41ce-bd32-5ec49b40de23', 'piece', '2025-12-08T19:13:12+00', '2025-12-08T19:19:58+00'),
  ('b2b50047-8300-48f3-a842-837a28017b36', '09ca5222-760c-4603-a1e8-508ef0440d59', 'e07a9e85-307a-4af9-8966-d1e824ec9ddb', 'piece', '2025-12-08T19:19:58+00', '2025-12-08T19:29:15+00'),
  ('3859d7fd-e005-4cf7-ab0a-578017e6dc6d', '09ca5222-760c-4603-a1e8-508ef0440d59', 'e07a9e85-307a-4af9-8966-d1e824ec9ddb', 'piece', '2025-12-08T19:37:23+00', '2025-12-08T19:42:27+00'),
  ('1ab70c60-0f95-4bc1-a895-8eb8fe37cd51', 'ba66f902-e0f0-4ec9-a2ef-0365300b9698', 'c6b8d48f-e6de-41ce-bd32-5ec49b40de23', 'piece', '2025-12-08T15:57:57+00', '2025-12-08T16:39:01+00'),
  ('bed62d38-5b39-4022-ab7a-5b1e6721a495', 'ba66f902-e0f0-4ec9-a2ef-0365300b9698', 'c3d4e5f6-a7b8-4c9d-0e1f-2a3b4c5d6e7f', 'piece', '2025-12-08T16:39:01+00', '2025-12-08T16:43:04+00'),
  ('ed86613d-a90c-4b35-aad0-ba6beec09664', 'b0060b81-3fa9-4b6b-a500-63ed73665533', NULL, 'technique', '2025-12-08T15:18:04+00', '2025-12-08T15:36:33+00'),
  ('4c34f512-f13e-4457-a148-5beccce6af69', 'b0060b81-3fa9-4b6b-a500-63ed73665533', 'c6b8d48f-e6de-41ce-bd32-5ec49b40de23', 'piece', '2025-12-08T15:54:39+00', '2025-12-08T15:54:48+00'),
  ('e03e6e70-7b80-47f5-a87f-8ec006048975', '1ab86320-3107-4900-abbf-3ce4e2028405', 'e07a9e85-307a-4af9-8966-d1e824ec9ddb', 'piece', '2025-12-07T19:38:28+00', '2025-12-07T20:16:21+00'),
  ('d3c77ae8-bebc-47e2-a40c-e04884b4148f', 'e3e39b41-0d7b-4e75-a9e3-f598eb7b7c8f', 'c3d4e5f6-a7b8-4c9d-0e1f-2a3b4c5d6e7f', 'piece', '2025-12-07T18:18:02+00', '2025-12-07T18:35:34+00'),
  ('7a42ba01-b398-43b9-aa45-15cc6dffe817', 'b05f404a-1106-44f8-a9e1-cd843f9f3156', 'c6b8d48f-e6de-41ce-bd32-5ec49b40de23', 'piece', '2025-12-07T17:17:59+00', '2025-12-07T17:18:30+00'),
  ('a74084d6-1882-4780-a48e-8ab7fa725e55', 'b05f404a-1106-44f8-a9e1-cd843f9f3156', 'c6b8d48f-e6de-41ce-bd32-5ec49b40de23', 'piece', '2025-12-07T17:46:49+00', '2025-12-07T17:55:24+00'),
  ('2ab9dd93-beec-499b-ad5a-fb5090849776', '803f4795-42af-4153-a131-e6788d0f252f', NULL, 'technique', '2025-12-07T15:23:00+00', '2025-12-07T15:39:18+00'),
  ('164f5e0a-181a-4544-a5d7-53faea3e4139', '803f4795-42af-4153-a131-e6788d0f252f', NULL, 'technique', '2025-12-07T15:41:40+00', '2025-12-07T15:49:58+00'),
  ('3454e0b8-736a-4405-a8fa-0220e8dd58e1', '2f36d9c8-8bca-46c2-a8f0-3b8b4a197ed3', 'e07a9e85-307a-4af9-8966-d1e824ec9ddb', 'piece', '2025-12-03T16:25:19+00', '2025-12-03T16:40:18+00'),
  ('355cab3d-2faf-4a1f-a3ff-acd5e6cd1a82', 'a7265552-8474-4c5d-a048-2872033ea9f9', NULL, 'sight_reading', '2025-12-03T14:55:50+00', '2025-12-03T15:14:31+00'),
  ('7cdad6ea-5a6e-4fe7-afb8-bef82438a31a', 'a7265552-8474-4c5d-a048-2872033ea9f9', NULL, 'technique', '2025-12-03T15:14:31+00', '2025-12-03T15:34:09+00'),
  ('149fe427-760a-45d1-ad6e-a9b9f6efa48a', 'a7265552-8474-4c5d-a048-2872033ea9f9', 'e07a9e85-307a-4af9-8966-d1e824ec9ddb', 'piece', '2025-12-03T15:34:09+00', '2025-12-03T15:43:43+00'),
  ('a1fff660-2c0f-460c-a8dd-4c88a133711b', 'c569dd05-f2bf-4484-af39-8862cc3ddb01', 'c6b8d48f-e6de-41ce-bd32-5ec49b40de23', 'piece', '2025-12-02T18:18:44+00', '2025-12-02T18:38:50+00'),
  ('576a07ff-ee6f-48d5-a751-85aeb2c0a071', 'd0d8800f-acc3-489e-a9dc-3c1e40b8eefd', NULL, 'technique', '2025-12-02T15:07:05+00', '2025-12-02T15:23:30+00'),
  ('5ab6e165-6a9e-4e19-a284-785a5ccb6f64', 'd0d8800f-acc3-489e-a9dc-3c1e40b8eefd', 'a2b3c4d5-e6f7-4a8b-9c0d-1e2f3a4b5c6d', 'piece', '2025-12-02T15:23:30+00', '2025-12-02T15:43:07+00'),
  ('52cbee0c-6dec-4804-a322-5a8f39e797f1', '66eca50d-cfca-4b22-a65b-cec37816c3f0', 'c6b8d48f-e6de-41ce-bd32-5ec49b40de23', 'piece', '2025-12-02T02:01:22+00', '2025-12-02T02:16:26+00'),
  ('3437f487-5055-45ec-ae60-21b49aca779d', '3a0c1ce2-6ce5-4c50-ad64-0a22ceaa4dfa', 'e07a9e85-307a-4af9-8966-d1e824ec9ddb', 'piece', '2025-12-01T23:36:06+00', '2025-12-01T23:44:54+00'),
  ('201f04e5-69ca-4ab9-a3e6-979d8edf6b96', '1e0f6831-eb16-49db-a591-9dcc6956e96e', NULL, 'sight_reading', '2025-12-01T23:13:07+00', '2025-12-01T23:29:20+00'),
  ('c8a6e241-fe99-46f9-a5b3-3aa49cd274a3', '0ba52d28-21f9-40b5-a665-ef4a5db8dfce', 'a2b3c4d5-e6f7-4a8b-9c0d-1e2f3a4b5c6d', 'piece', '2025-12-01T22:06:45+00', '2025-12-01T22:25:00+00'),
  ('dd7ded55-8b70-47e7-a428-29b3a913ffb8', 'b258d13b-4c6b-4d74-a72a-fb34ff081204', 'c6b8d48f-e6de-41ce-bd32-5ec49b40de23', 'piece', '2025-12-01T19:35:50+00', '2025-12-01T19:51:18+00'),
  ('7d80db60-d7e4-4728-a7b2-2a524ee4018c', 'b258d13b-4c6b-4d74-a72a-fb34ff081204', 'c3d4e5f6-a7b8-4c9d-0e1f-2a3b4c5d6e7f', 'piece', '2025-12-01T19:52:22+00', '2025-12-01T20:27:21+00'),
  ('fc03888f-68d7-4921-a3e1-b9075e07d4a5', 'b33d5d12-9301-48b1-aea9-6d484b818131', NULL, 'technique', '2025-12-01T16:30:12+00', '2025-12-01T16:30:35+00'),
  ('76e07316-d08d-4314-a2e5-2415d119ab3a', 'b33d5d12-9301-48b1-aea9-6d484b818131', 'c6b8d48f-e6de-41ce-bd32-5ec49b40de23', 'piece', '2025-12-01T16:30:35+00', '2025-12-01T16:41:35+00'),
  ('4817c8f5-5624-4b84-ada1-113fdb06d19e', '74a6d169-94f5-43d4-a6c9-aaabca8c5203', NULL, 'technique', '2025-12-01T15:33:44+00', '2025-12-01T15:50:32+00'),
  ('2e2ea590-66c0-4be9-ab7f-241db419de6c', 'fb2e06bc-67c5-456f-a53e-f16b1469b7e9', 'c6b8d48f-e6de-41ce-bd32-5ec49b40de23', 'piece', '2025-12-01T01:47:56+00', '2025-12-01T01:54:52+00'),
  ('31c6ddd7-cc88-4f56-a640-81b6a838624e', 'ca095a76-5b0a-43ce-a510-cd4d0716c7f8', 'c3d4e5f6-a7b8-4c9d-0e1f-2a3b4c5d6e7f', 'piece', '2025-12-01T00:20:53+00', '2025-12-01T00:45:25+00'),
  ('f4aad0da-eb85-4e50-ab2c-76a830f0172a', '5a250040-4a0e-43a2-a682-ba46abeef653', 'c6b8d48f-e6de-41ce-bd32-5ec49b40de23', 'piece', '2025-11-30T21:56:56+00', '2025-11-30T22:11:38+00'),
  ('fc41eff9-dd0c-4932-a794-844c98fe4f34', '5a250040-4a0e-43a2-a682-ba46abeef653', 'a2b3c4d5-e6f7-4a8b-9c0d-1e2f3a4b5c6d', 'piece', '2025-11-30T22:33:06+00', '2025-11-30T22:50:17+00'),
  ('49b867fe-233a-44a5-a418-867f8df784d3', 'd171a46e-de2c-46c2-a17b-88fc1eb92314', NULL, 'technique', '2025-11-30T18:21:05+00', '2025-11-30T18:26:46+00'),
  ('4a3f94bb-4e58-454b-ac05-55cd7daa72b7', 'd171a46e-de2c-46c2-a17b-88fc1eb92314', 'c6b8d48f-e6de-41ce-bd32-5ec49b40de23', 'piece', '2025-11-30T18:26:46+00', '2025-11-30T18:47:38+00'),
  ('61ded5fd-4208-4088-aae8-98ef2ab6ad40', '5f7a1f7f-f8b7-485f-ac3e-50c0390c5153', NULL, 'technique', '2025-11-30T14:55:16+00', '2025-11-30T15:18:27+00'),
  ('2a681822-d0dc-47ee-a14a-82e8fdb89b7f', '5f7a1f7f-f8b7-485f-ac3e-50c0390c5153', 'c6b8d48f-e6de-41ce-bd32-5ec49b40de23', 'piece', '2025-11-30T15:18:27+00', '2025-11-30T15:50:21+00'),
  ('90df5db4-a83d-4573-a580-27124b0de34d', '5f7a1f7f-f8b7-485f-ac3e-50c0390c5153', 'e07a9e85-307a-4af9-8966-d1e824ec9ddb', 'piece', '2025-11-30T15:50:21+00', '2025-11-30T16:16:57+00'),
  ('35ada779-24f6-4640-a003-303143cf1aab', 'cb076dfb-3241-4aea-a3ca-6d0426e1214f', 'e07a9e85-307a-4af9-8966-d1e824ec9ddb', 'piece', '2025-11-25T21:44:03+00', '2025-11-25T21:55:23+00'),
  ('35a62d52-e8a9-4b46-ac45-481c7845d1d6', 'cb076dfb-3241-4aea-a3ca-6d0426e1214f', 'e07a9e85-307a-4af9-8966-d1e824ec9ddb', 'piece', '2025-11-25T22:04:29+00', '2025-11-25T22:16:28+00'),
  ('8c822a32-8965-40ab-aa4c-dfe27a10dc75', 'fa30dab7-9f7e-4b95-ab1f-82b693b847a7', 'a2b3c4d5-e6f7-4a8b-9c0d-1e2f3a4b5c6d', 'piece', '2025-11-25T18:57:53+00', '2025-11-25T19:34:12+00'),
  ('c981db21-2476-4953-a9e6-970808428c94', 'fa30dab7-9f7e-4b95-ab1f-82b693b847a7', 'c3d4e5f6-a7b8-4c9d-0e1f-2a3b4c5d6e7f', 'piece', '2025-11-25T19:41:46+00', '2025-11-25T19:54:43+00'),
  ('2df3aa78-445a-4dd5-aa16-aa5a7ff77352', '6c3094c4-70b8-45b5-a2b4-a3b8dac42aa1', NULL, 'technique', '2025-11-25T15:25:33+00', '2025-11-25T15:41:37+00'),
  ('8bbc0dfe-9510-4f8e-ac2c-130f4afbf805', '6c3094c4-70b8-45b5-a2b4-a3b8dac42aa1', 'c6b8d48f-e6de-41ce-bd32-5ec49b40de23', 'piece', '2025-11-25T15:41:37+00', '2025-11-25T16:02:53+00'),
  ('5092e5dd-7772-42e4-aa0e-66d30601a15f', 'f41f86aa-8c42-4989-a336-5d4e738fe1ae', NULL, 'technique', '2025-11-24T18:06:49+00', '2025-11-24T18:19:15+00'),
  ('48381e03-2dc5-4b18-a21e-56f3216efded', 'f41f86aa-8c42-4989-a336-5d4e738fe1ae', 'c6b8d48f-e6de-41ce-bd32-5ec49b40de23', 'piece', '2025-11-24T18:24:53+00', '2025-11-24T18:41:17+00'),
  ('bc543938-fa66-4b34-a65d-34c9892ce1e8', '67229b8e-b34b-4fd7-ae21-3f533b43a82c', NULL, 'technique', '2025-11-23T15:12:19+00', '2025-11-23T15:42:06+00'),
  ('71e4d70e-4608-45ca-af25-f2808d29ef3b', '67229b8e-b34b-4fd7-ae21-3f533b43a82c', 'c6b8d48f-e6de-41ce-bd32-5ec49b40de23', 'piece', '2025-11-23T15:42:06+00', '2025-11-23T15:49:22+00'),
  ('122ee357-ea13-4a3b-a0c2-83d97f4a8641', '67229b8e-b34b-4fd7-ae21-3f533b43a82c', 'c6b8d48f-e6de-41ce-bd32-5ec49b40de23', 'piece', '2025-11-23T15:56:42+00', '2025-11-23T16:04:30+00'),
  ('90b5ca9f-db96-49ee-a616-1c98f2393901', '67229b8e-b34b-4fd7-ae21-3f533b43a82c', 'c3d4e5f6-a7b8-4c9d-0e1f-2a3b4c5d6e7f', 'piece', '2025-11-23T16:04:30+00', '2025-11-23T16:15:38+00'),
  ('184fd59d-da1b-471f-af6f-4299454d1208', '5a6153bf-26fb-4e05-a86e-1e43b8f73e89', 'e07a9e85-307a-4af9-8966-d1e824ec9ddb', 'piece', '2025-11-23T01:02:40+00', '2025-11-23T01:31:48+00'),
  ('59bab6ba-b34e-42ce-ab62-66bb64894ca3', 'c74f51fa-8fcf-4ec9-ac19-9c6ce0b466b9', 'a2b3c4d5-e6f7-4a8b-9c0d-1e2f3a4b5c6d', 'piece', '2025-11-22T23:19:07+00', '2025-11-22T23:44:15+00'),
  ('b0d1f841-d20e-436b-a112-c772a9affeca', '28b884ab-9c4c-4f25-a3fb-af879978874c', 'e07a9e85-307a-4af9-8966-d1e824ec9ddb', 'piece', '2025-11-22T21:44:46+00', '2025-11-22T22:03:19+00'),
  ('205897ed-1f85-4c0f-a38b-d60b42325ced', '28b884ab-9c4c-4f25-a3fb-af879978874c', 'a2b3c4d5-e6f7-4a8b-9c0d-1e2f3a4b5c6d', 'piece', '2025-11-22T22:03:19+00', '2025-11-22T22:15:14+00'),
  ('3027f1f9-af91-40b2-a070-a9792ff729bc', '23a8ddf3-1007-434b-ab10-f55e60aab284', 'c6b8d48f-e6de-41ce-bd32-5ec49b40de23', 'piece', '2025-11-22T20:11:27+00', '2025-11-22T20:22:50+00'),
  ('efa38f53-d361-4d48-a9bb-20d75de7effa', '23a8ddf3-1007-434b-ab10-f55e60aab284', 'c3d4e5f6-a7b8-4c9d-0e1f-2a3b4c5d6e7f', 'piece', '2025-11-22T20:30:57+00', '2025-11-22T20:43:44+00'),
  ('5fe8c080-b02a-40af-a333-56af77f16ce4', '54bd402c-c8ab-4594-a807-d0bd344110fd', NULL, 'technique', '2025-11-22T18:29:02+00', '2025-11-22T18:52:37+00'),
  ('a03ba1e0-3bc6-43f7-abf0-95450bd78680', '54bd402c-c8ab-4594-a807-d0bd344110fd', 'c6b8d48f-e6de-41ce-bd32-5ec49b40de23', 'piece', '2025-11-22T18:58:14+00', '2025-11-22T19:31:20+00'),
  ('45a8b135-568e-4ac2-a3fd-a6b5c4e6d937', '7841f62a-d3fa-4ecf-a43f-199d08aa4087', 'e07a9e85-307a-4af9-8966-d1e824ec9ddb', 'piece', '2025-11-22T04:33:25+00', '2025-11-22T05:03:56+00'),
  ('d90549af-9c85-42c9-a80d-2743198ff68e', '4f1e6db6-06d0-41da-a1b9-be149a8080ae', NULL, 'technique', '2025-11-20T21:04:14+00', '2025-11-20T21:18:02+00'),
  ('84e06105-348e-4a36-a539-1ec723e3a393', '4f1e6db6-06d0-41da-a1b9-be149a8080ae', 'c6b8d48f-e6de-41ce-bd32-5ec49b40de23', 'piece', '2025-11-20T21:18:02+00', '2025-11-20T21:41:10+00'),
  ('ffe43cd5-b2ec-4b80-ada2-9227f589a30b', '4f1e6db6-06d0-41da-a1b9-be149a8080ae', 'c6b8d48f-e6de-41ce-bd32-5ec49b40de23', 'piece', '2025-11-20T22:00:34+00', '2025-11-20T22:14:56+00'),
  ('763fbc2d-272b-4296-a772-3e0c03b3d115', '54fbc653-a1e3-45a8-af5a-8d1c0fe817e3', NULL, 'technique', '2025-11-20T14:25:08+00', '2025-11-20T14:40:09+00'),
  ('4a10b988-2d86-4a30-a82e-f257832426d0', '54fbc653-a1e3-45a8-af5a-8d1c0fe817e3', 'c3d4e5f6-a7b8-4c9d-0e1f-2a3b4c5d6e7f', 'piece', '2025-11-20T14:40:09+00', '2025-11-20T14:41:03+00'),
  ('8ec1d549-d162-422b-a06c-f1b4823d1227', '54fbc653-a1e3-45a8-af5a-8d1c0fe817e3', 'c3d4e5f6-a7b8-4c9d-0e1f-2a3b4c5d6e7f', 'piece', '2025-11-20T14:45:05+00', '2025-11-20T15:25:27+00'),
  ('f37f5bb2-3b6f-49b8-aaeb-7b0b2803eeaa', '54fbc653-a1e3-45a8-af5a-8d1c0fe817e3', 'c6b8d48f-e6de-41ce-bd32-5ec49b40de23', 'piece', '2025-11-20T15:25:27+00', '2025-11-20T15:42:59+00'),
  ('fc21b25c-6611-4ca6-a598-cdc5c0af98a1', '5e792668-c821-498d-ae3a-6eb88b4770a0', NULL, 'technique', '2025-11-19T22:03:01+00', '2025-11-19T22:12:19+00'),
  ('8953533a-f746-4094-a8e0-fa5155a7a36f', '5e792668-c821-498d-ae3a-6eb88b4770a0', 'a2b3c4d5-e6f7-4a8b-9c0d-1e2f3a4b5c6d', 'piece', '2025-11-19T22:12:19+00', '2025-11-19T22:33:33+00'),
  ('3a210a6e-879d-40e9-a1d1-66c6b7246b5e', '5e792668-c821-498d-ae3a-6eb88b4770a0', 'a2b3c4d5-e6f7-4a8b-9c0d-1e2f3a4b5c6d', 'piece', '2025-11-19T22:49:45+00', '2025-11-19T22:49:53+00'),
  ('4a3b60f8-2b4a-48ed-a4a3-09cb3c8101c5', '5e792668-c821-498d-ae3a-6eb88b4770a0', 'c6b8d48f-e6de-41ce-bd32-5ec49b40de23', 'piece', '2025-11-19T22:49:53+00', '2025-11-19T23:01:50+00'),
  ('4c274fd0-3688-496b-a861-5dba89c590fb', '4ac9ba1c-fe14-4d02-a0c0-d88aeb56b6f7', 'c6b8d48f-e6de-41ce-bd32-5ec49b40de23', 'piece', '2025-11-19T16:23:40+00', '2025-11-19T16:24:50+00'),
  ('395c204b-e9aa-4cbe-aa5b-81bbe8d0a6c6', '4ac9ba1c-fe14-4d02-a0c0-d88aeb56b6f7', 'c6b8d48f-e6de-41ce-bd32-5ec49b40de23', 'piece', '2025-11-19T16:25:41+00', '2025-11-19T16:44:58+00'),
  ('3ae1f7b2-0ddf-4bdb-a5c6-e598a49011c0', 'a5fcd6c0-d5fe-4939-a677-6f1d4d52356b', 'c3d4e5f6-a7b8-4c9d-0e1f-2a3b4c5d6e7f', 'piece', '2025-11-19T14:45:45+00', '2025-11-19T15:26:28+00'),
  ('3b9eb473-3350-422f-a94a-98aeef01f4ca', 'd8e62e7e-4cbd-4b2f-a77d-0b491fa7c5b4', NULL, 'technique', '2025-11-19T14:05:37+00', '2025-11-19T14:19:49+00'),
  ('b88bde59-62df-4166-adcf-59fa068a5605', 'd8e62e7e-4cbd-4b2f-a77d-0b491fa7c5b4', NULL, 'sight_reading', '2025-11-19T14:19:49+00', '2025-11-19T14:27:35+00'),
  ('0c43261e-f5bf-4cb2-a439-eda24d39838a', '84a116d9-e03e-41ff-a655-23393827adeb', 'a2b3c4d5-e6f7-4a8b-9c0d-1e2f3a4b5c6d', 'piece', '2025-11-19T04:26:54+00', '2025-11-19T04:26:56+00'),
  ('bb277e47-b1d1-4785-a710-8e2f4032d0ea', '84a116d9-e03e-41ff-a655-23393827adeb', 'c6b8d48f-e6de-41ce-bd32-5ec49b40de23', 'piece', '2025-11-19T04:26:56+00', '2025-11-19T04:36:19+00'),
  ('5d1b9cd2-c3d0-492b-a556-2a58660a4f9e', 'a7fea332-e9a1-4e7c-a526-dcb6b204df52', 'a2b3c4d5-e6f7-4a8b-9c0d-1e2f3a4b5c6d', 'piece', '2025-11-19T04:26:38+00', '2025-11-19T04:26:51+00'),
  ('aa44ee4e-2872-445e-ad88-481aad944474', '11368d35-2ca2-4673-add1-43bccdd15a2f', 'e07a9e85-307a-4af9-8966-d1e824ec9ddb', 'piece', '2025-11-19T04:08:47+00', '2025-11-19T04:13:25+00'),
  ('d438b24d-728e-4b8e-a346-d006874589a8', '11368d35-2ca2-4673-add1-43bccdd15a2f', 'a2b3c4d5-e6f7-4a8b-9c0d-1e2f3a4b5c6d', 'piece', '2025-11-19T04:13:25+00', '2025-11-19T04:25:35+00'),
  ('cf168084-fe9d-447f-a9a0-e491450768c8', 'ebc8a37b-1447-4e7b-a872-d2a2ba58d4f7', NULL, 'technique', '2025-11-18T18:32:36+00', '2025-11-18T18:47:42+00'),
  ('69c3dc11-2157-459d-adb8-3c9e31835e2c', 'ebc8a37b-1447-4e7b-a872-d2a2ba58d4f7', 'a2b3c4d5-e6f7-4a8b-9c0d-1e2f3a4b5c6d', 'piece', '2025-11-18T18:49:39+00', '2025-11-18T19:18:42+00'),
  ('609056dc-d029-4d5d-ae94-e3285f6008f8', 'ea844934-a902-42b4-aadd-93c93f40291f', 'e07a9e85-307a-4af9-8966-d1e824ec9ddb', 'piece', '2025-11-18T16:11:06+00', '2025-11-18T16:23:20+00'),
  ('8bce217d-3faa-47be-ab07-7476521635cd', 'a867c4b3-435c-4725-af6d-c4e18046b172', NULL, 'technique', '2025-11-18T14:47:00+00', '2025-11-18T15:07:53+00'),
  ('8e764bf1-457b-4c3b-a41c-d724734c8e8b', 'a867c4b3-435c-4725-af6d-c4e18046b172', NULL, 'sight_reading', '2025-11-18T15:07:53+00', '2025-11-18T15:16:40+00'),
  ('2ae8df84-7cb1-4d98-a0eb-7b9c46727dcd', 'a867c4b3-435c-4725-af6d-c4e18046b172', NULL, 'sight_reading', '2025-11-18T15:19:37+00', '2025-11-18T15:19:40+00'),
  ('b8561fd3-6da7-464b-a919-9d3828fe40f6', 'a867c4b3-435c-4725-af6d-c4e18046b172', 'c6b8d48f-e6de-41ce-bd32-5ec49b40de23', 'piece', '2025-11-18T15:19:40+00', '2025-11-18T15:36:59+00'),
  ('8610f2ab-93fc-46b8-a9c2-00f88bbd22e0', '26e9668a-1a05-452c-ad66-702046d5c520', 'c3d4e5f6-a7b8-4c9d-0e1f-2a3b4c5d6e7f', 'piece', '2025-11-17T18:53:57+00', '2025-11-17T19:17:21+00'),
  ('4dde3dbd-bd72-4d4f-a3c3-53d72edd6eee', '26e9668a-1a05-452c-ad66-702046d5c520', 'e07a9e85-307a-4af9-8966-d1e824ec9ddb', 'piece', '2025-11-17T19:17:21+00', '2025-11-17T19:29:44+00'),
  ('ef3646e8-b3d2-41a0-a7ad-92668269d4d3', '5f678303-1e6e-4ea0-acf1-649afc793d6d', 'c3d4e5f6-a7b8-4c9d-0e1f-2a3b4c5d6e7f', 'piece', '2025-11-17T17:10:33+00', '2025-11-17T17:29:18+00'),
  ('288e6243-6419-4dc6-a7af-8d4a4e33e3b1', 'e0172b53-c76b-4196-a5a9-04df86c0e453', 'c6b8d48f-e6de-41ce-bd32-5ec49b40de23', 'piece', '2025-11-17T16:37:12+00', '2025-11-17T17:10:28+00'),
  ('7fb4770c-8108-4fe1-a102-2484ff2084b0', '8d8e44cd-d675-4f17-a5cd-22a6b7321780', NULL, 'technique', '2025-11-17T14:55:18+00', '2025-11-17T15:18:34+00'),
  ('6783b051-ab5e-4186-ab7f-17e93c6d76ec', '8d8e44cd-d675-4f17-a5cd-22a6b7321780', NULL, 'sight_reading', '2025-11-17T15:18:34+00', '2025-11-17T15:27:29+00'),
  ('461a2222-22c2-4fc1-a5d7-c5532e4c6fe7', '8d8e44cd-d675-4f17-a5cd-22a6b7321780', 'c6b8d48f-e6de-41ce-bd32-5ec49b40de23', 'piece', '2025-11-17T15:27:29+00', '2025-11-17T15:37:08+00'),
  ('e999d519-94e8-4290-abe2-c10b07f9b883', '8d8e44cd-d675-4f17-a5cd-22a6b7321780', 'c6b8d48f-e6de-41ce-bd32-5ec49b40de23', 'piece', '2025-11-17T15:41:50+00', '2025-11-17T15:49:31+00'),
  ('ca5f3bbc-d057-4d36-a46e-05fc42b81a02', '3ea67202-758d-49ce-ae81-8710722352c5', NULL, 'technique', '2025-11-13T22:01:41+00', '2025-11-13T22:07:45+00'),
  ('1cb0eafa-1ab9-4825-adec-a4fe22dea594', '3ea67202-758d-49ce-ae81-8710722352c5', 'c6b8d48f-e6de-41ce-bd32-5ec49b40de23', 'piece', '2025-11-13T22:07:45+00', '2025-11-13T22:21:38+00'),
  ('bcc0e1e5-5e1d-4231-acd0-fca71b5474f9', '3ea67202-758d-49ce-ae81-8710722352c5', 'e07a9e85-307a-4af9-8966-d1e824ec9ddb', 'piece', '2025-11-13T22:21:38+00', '2025-11-13T22:27:13+00'),
  ('a02ca62b-d589-4125-a2b4-186645e0c9d1', 'd6415a66-3a63-44f8-adb3-2e0d1df56de2', NULL, 'technique', '2025-11-13T14:44:15+00', '2025-11-13T14:57:11+00'),
  ('a12cd289-a4ea-496d-a168-186abcfbc659', 'd6415a66-3a63-44f8-adb3-2e0d1df56de2', NULL, 'technique', '2025-11-13T14:57:11+00', '2025-11-13T15:06:09+00'),
  ('48bb413d-9ae8-4ea5-aa3e-ff44d9ed6343', 'd6415a66-3a63-44f8-adb3-2e0d1df56de2', NULL, 'sight_reading', '2025-11-13T15:06:09+00', '2025-11-13T15:16:16+00'),
  ('8d141f72-6e4c-4a3b-a192-df836c08c3e4', 'd6415a66-3a63-44f8-adb3-2e0d1df56de2', 'c6b8d48f-e6de-41ce-bd32-5ec49b40de23', 'piece', '2025-11-13T15:16:16+00', '2025-11-13T15:26:52+00'),
  ('b2837876-d4d5-4a52-abcd-b809472b6a2e', 'd6415a66-3a63-44f8-adb3-2e0d1df56de2', 'c6b8d48f-e6de-41ce-bd32-5ec49b40de23', 'piece', '2025-11-13T15:32:14+00', '2025-11-13T15:45:22+00'),
  ('fe65cc6c-880f-4223-a713-1ceacf3c3404', 'd6415a66-3a63-44f8-adb3-2e0d1df56de2', 'c6b8d48f-e6de-41ce-bd32-5ec49b40de23', 'piece', '2025-11-13T15:45:33+00', '2025-11-13T15:50:46+00');

-- Piece sections for Debussy Trio
-- Parent sections
INSERT INTO piece_sections (id, piece_id, parent_id, label, sort_order, status, target_tempo) VALUES
  ('aa000001-0001-4001-8001-000000000001', '671174b8-96df-46b9-bc39-2ceb999a22da', NULL, 'A', 0, 0, NULL),
  ('aa000001-0004-4001-8001-000000000004', '671174b8-96df-46b9-bc39-2ceb999a22da', NULL, 'B', 1, 0, NULL),
  ('aa000001-0007-4001-8001-000000000007', '671174b8-96df-46b9-bc39-2ceb999a22da', NULL, 'C', 2, 4, NULL),
  ('aa000001-0010-4001-8001-000000000010', '671174b8-96df-46b9-bc39-2ceb999a22da', NULL, 'D', 3, 0, NULL),
  ('aa000001-0013-4001-8001-000000000013', '671174b8-96df-46b9-bc39-2ceb999a22da', NULL, 'E', 4, 0, NULL),
  ('aa000001-0014-4001-8001-000000000014', '671174b8-96df-46b9-bc39-2ceb999a22da', NULL, 'F', 5, 0, NULL),
  ('aa000001-0017-4001-8001-000000000017', '671174b8-96df-46b9-bc39-2ceb999a22da', NULL, 'G', 6, 0, NULL),
  ('aa000001-0018-4001-8001-000000000018', '671174b8-96df-46b9-bc39-2ceb999a22da', NULL, 'H', 7, 0, NULL),
  ('aa000001-0019-4001-8001-000000000019', '671174b8-96df-46b9-bc39-2ceb999a22da', NULL, 'I', 8, 0, NULL);

-- Child sections
INSERT INTO piece_sections (id, piece_id, parent_id, label, sort_order, status, target_tempo) VALUES
  ('aa000001-0002-4001-8001-000000000002', '671174b8-96df-46b9-bc39-2ceb999a22da', 'aa000001-0001-4001-8001-000000000001', 'A1', 0, 0, NULL),
  ('aa000001-0003-4001-8001-000000000003', '671174b8-96df-46b9-bc39-2ceb999a22da', 'aa000001-0001-4001-8001-000000000001', 'A2', 1, 0, NULL),
  ('aa000001-0020-4001-8001-000000000020', '671174b8-96df-46b9-bc39-2ceb999a22da', 'aa000001-0001-4001-8001-000000000001', 'A3', 2, 0, NULL),
  ('aa000001-0005-4001-8001-000000000005', '671174b8-96df-46b9-bc39-2ceb999a22da', 'aa000001-0004-4001-8001-000000000004', 'B1', 0, 2, NULL),
  ('aa000001-0006-4001-8001-000000000006', '671174b8-96df-46b9-bc39-2ceb999a22da', 'aa000001-0004-4001-8001-000000000004', 'B2', 1, 1, 108),
  ('aa000001-0008-4001-8001-000000000008', '671174b8-96df-46b9-bc39-2ceb999a22da', 'aa000001-0007-4001-8001-000000000007', 'C1', 0, 5, NULL),
  ('aa000001-0009-4001-8001-000000000009', '671174b8-96df-46b9-bc39-2ceb999a22da', 'aa000001-0007-4001-8001-000000000007', 'C2', 1, 3, NULL),
  ('aa000001-0021-4001-8001-000000000021', '671174b8-96df-46b9-bc39-2ceb999a22da', 'aa000001-0007-4001-8001-000000000007', 'C3', 2, 0, NULL),
  ('aa000001-0022-4001-8001-000000000022', '671174b8-96df-46b9-bc39-2ceb999a22da', 'aa000001-0007-4001-8001-000000000007', 'C4', 3, 0, NULL),
  ('aa000001-0023-4001-8001-000000000023', '671174b8-96df-46b9-bc39-2ceb999a22da', 'aa000001-0007-4001-8001-000000000007', 'C5', 4, 0, NULL),
  ('aa000001-0011-4001-8001-000000000011', '671174b8-96df-46b9-bc39-2ceb999a22da', 'aa000001-0010-4001-8001-000000000010', 'D1', 0, 0, NULL),
  ('aa000001-0012-4001-8001-000000000012', '671174b8-96df-46b9-bc39-2ceb999a22da', 'aa000001-0010-4001-8001-000000000010', 'D2', 1, 0, NULL),
  ('aa000001-0024-4001-8001-000000000024', '671174b8-96df-46b9-bc39-2ceb999a22da', 'aa000001-0010-4001-8001-000000000010', 'D3', 2, 0, NULL),
  ('aa000001-0015-4001-8001-000000000015', '671174b8-96df-46b9-bc39-2ceb999a22da', 'aa000001-0014-4001-8001-000000000014', 'F1', 0, 0, NULL),
  ('aa000001-0016-4001-8001-000000000016', '671174b8-96df-46b9-bc39-2ceb999a22da', 'aa000001-0014-4001-8001-000000000014', 'F2', 1, 0, NULL),
  ('aa000001-0025-4001-8001-000000000025', '671174b8-96df-46b9-bc39-2ceb999a22da', 'aa000001-0014-4001-8001-000000000014', 'F3', 2, 0, NULL);

-- Piece video for Debussy Trio
INSERT INTO piece_videos (id, piece_id, youtube_video_id, title, sort_order, start_seconds, end_seconds) VALUES
  ('bb000001-0001-4001-8001-000000000001', '671174b8-96df-46b9-bc39-2ceb999a22da', 'o2B4B4p7BDg', 'Debussy Trio in G major', 0, 3, 493);

-- Section timestamps for the Debussy Trio video
INSERT INTO piece_section_timestamps (id, section_id, video_id, start_seconds, end_seconds) VALUES
  ('cc000001-0001-4001-8001-000000000001', 'aa000001-0001-4001-8001-000000000001', 'bb000001-0001-4001-8001-000000000001', 2, NULL),
  ('cc000001-0002-4001-8001-000000000002', 'aa000001-0002-4001-8001-000000000002', 'bb000001-0001-4001-8001-000000000001', 2, NULL),
  ('cc000001-0003-4001-8001-000000000003', 'aa000001-0003-4001-8001-000000000003', 'bb000001-0001-4001-8001-000000000001', 11, NULL),
  ('cc000001-0004-4001-8001-000000000004', 'aa000001-0020-4001-8001-000000000020', 'bb000001-0001-4001-8001-000000000001', 67, NULL),
  ('cc000001-0005-4001-8001-000000000005', 'aa000001-0005-4001-8001-000000000005', 'bb000001-0001-4001-8001-000000000001', 83, NULL),
  ('cc000001-0006-4001-8001-000000000006', 'aa000001-0006-4001-8001-000000000006', 'bb000001-0001-4001-8001-000000000001', 116, NULL),
  ('cc000001-0007-4001-8001-000000000007', 'aa000001-0008-4001-8001-000000000008', 'bb000001-0001-4001-8001-000000000001', 147, NULL),
  ('cc000001-0008-4001-8001-000000000008', 'aa000001-0009-4001-8001-000000000009', 'bb000001-0001-4001-8001-000000000001', 161, NULL),
  ('cc000001-0009-4001-8001-000000000009', 'aa000001-0021-4001-8001-000000000021', 'bb000001-0001-4001-8001-000000000001', 171, NULL),
  ('cc000001-0010-4001-8001-000000000010', 'aa000001-0022-4001-8001-000000000022', 'bb000001-0001-4001-8001-000000000001', 182, NULL),
  ('cc000001-0011-4001-8001-000000000011', 'aa000001-0023-4001-8001-000000000023', 'bb000001-0001-4001-8001-000000000001', 187, NULL),
  ('cc000001-0012-4001-8001-000000000012', 'aa000001-0011-4001-8001-000000000011', 'bb000001-0001-4001-8001-000000000001', 194, NULL),
  ('cc000001-0013-4001-8001-000000000013', 'aa000001-0012-4001-8001-000000000012', 'bb000001-0001-4001-8001-000000000001', 212, NULL),
  ('cc000001-0014-4001-8001-000000000014', 'aa000001-0024-4001-8001-000000000024', 'bb000001-0001-4001-8001-000000000001', 234, NULL),
  ('cc000001-0015-4001-8001-000000000015', 'aa000001-0013-4001-8001-000000000013', 'bb000001-0001-4001-8001-000000000001', 249, NULL),
  ('cc000001-0016-4001-8001-000000000016', 'aa000001-0014-4001-8001-000000000014', 'bb000001-0001-4001-8001-000000000001', 273, NULL),
  ('cc000001-0017-4001-8001-000000000017', 'aa000001-0015-4001-8001-000000000015', 'bb000001-0001-4001-8001-000000000001', 273, NULL),
  ('cc000001-0018-4001-8001-000000000018', 'aa000001-0016-4001-8001-000000000016', 'bb000001-0001-4001-8001-000000000001', 291, NULL),
  ('cc000001-0019-4001-8001-000000000019', 'aa000001-0025-4001-8001-000000000025', 'bb000001-0001-4001-8001-000000000001', 313, NULL),
  ('cc000001-0020-4001-8001-000000000020', 'aa000001-0017-4001-8001-000000000017', 'bb000001-0001-4001-8001-000000000001', 321, NULL),
  ('cc000001-0021-4001-8001-000000000021', 'aa000001-0018-4001-8001-000000000018', 'bb000001-0001-4001-8001-000000000001', 367, NULL),
  ('cc000001-0022-4001-8001-000000000022', 'aa000001-0019-4001-8001-000000000019', 'bb000001-0001-4001-8001-000000000001', 405, NULL);
