-- Piece structure: sections, videos, timestamps, status snapshots
-- Generated by scripts/convert-seed.mjs

-- Piece sections for Debussy Trio
-- Parent sections
INSERT INTO piece_sections (id, piece_id, parent_id, label, sort_order, status, target_tempo) VALUES
  ('aa000001-0001-4001-8001-000000000001', '671174b8-96df-46b9-bc39-2ceb999a22da', NULL, 'A', 0, 0, NULL),
  ('aa000001-0004-4001-8001-000000000004', '671174b8-96df-46b9-bc39-2ceb999a22da', NULL, 'B', 1, 0, NULL),
  ('aa000001-0007-4001-8001-000000000007', '671174b8-96df-46b9-bc39-2ceb999a22da', NULL, 'C', 2, 0, NULL),
  ('aa000001-0010-4001-8001-000000000010', '671174b8-96df-46b9-bc39-2ceb999a22da', NULL, 'D', 3, 0, NULL),
  ('aa000001-0013-4001-8001-000000000013', '671174b8-96df-46b9-bc39-2ceb999a22da', NULL, 'E', 4, 8, NULL),
  ('aa000001-0014-4001-8001-000000000014', '671174b8-96df-46b9-bc39-2ceb999a22da', NULL, 'F', 5, 0, NULL),
  ('aa000001-0017-4001-8001-000000000017', '671174b8-96df-46b9-bc39-2ceb999a22da', NULL, 'G', 6, 6, NULL),
  ('aa000001-0018-4001-8001-000000000018', '671174b8-96df-46b9-bc39-2ceb999a22da', NULL, 'H', 7, 3, NULL),
  ('aa000001-0019-4001-8001-000000000019', '671174b8-96df-46b9-bc39-2ceb999a22da', NULL, 'I', 8, 7, NULL);

-- Child sections — statuses spread 0-8 to demo all colors
INSERT INTO piece_sections (id, piece_id, parent_id, label, sort_order, status, target_tempo) VALUES
  ('aa000001-0002-4001-8001-000000000002', '671174b8-96df-46b9-bc39-2ceb999a22da', 'aa000001-0001-4001-8001-000000000001', 'A1', 0, 8, NULL),
  ('aa000001-0003-4001-8001-000000000003', '671174b8-96df-46b9-bc39-2ceb999a22da', 'aa000001-0001-4001-8001-000000000001', 'A2', 1, 7, NULL),
  ('aa000001-0020-4001-8001-000000000020', '671174b8-96df-46b9-bc39-2ceb999a22da', 'aa000001-0001-4001-8001-000000000001', 'A3', 2, 6, NULL),
  ('aa000001-0005-4001-8001-000000000005', '671174b8-96df-46b9-bc39-2ceb999a22da', 'aa000001-0004-4001-8001-000000000004', 'B1', 0, 5, NULL),
  ('aa000001-0006-4001-8001-000000000006', '671174b8-96df-46b9-bc39-2ceb999a22da', 'aa000001-0004-4001-8001-000000000004', 'B2', 1, 4, 108),
  ('aa000001-0008-4001-8001-000000000008', '671174b8-96df-46b9-bc39-2ceb999a22da', 'aa000001-0007-4001-8001-000000000007', 'C1', 0, 3, NULL),
  ('aa000001-0009-4001-8001-000000000009', '671174b8-96df-46b9-bc39-2ceb999a22da', 'aa000001-0007-4001-8001-000000000007', 'C2', 1, 2, NULL),
  ('aa000001-0021-4001-8001-000000000021', '671174b8-96df-46b9-bc39-2ceb999a22da', 'aa000001-0007-4001-8001-000000000007', 'C3', 2, 1, NULL),
  ('aa000001-0022-4001-8001-000000000022', '671174b8-96df-46b9-bc39-2ceb999a22da', 'aa000001-0007-4001-8001-000000000007', 'C4', 3, 0, NULL),
  ('aa000001-0023-4001-8001-000000000023', '671174b8-96df-46b9-bc39-2ceb999a22da', 'aa000001-0007-4001-8001-000000000007', 'C5', 4, 8, NULL),
  ('aa000001-0011-4001-8001-000000000011', '671174b8-96df-46b9-bc39-2ceb999a22da', 'aa000001-0010-4001-8001-000000000010', 'D1', 0, 6, NULL),
  ('aa000001-0012-4001-8001-000000000012', '671174b8-96df-46b9-bc39-2ceb999a22da', 'aa000001-0010-4001-8001-000000000010', 'D2', 1, 3, NULL),
  ('aa000001-0024-4001-8001-000000000024', '671174b8-96df-46b9-bc39-2ceb999a22da', 'aa000001-0010-4001-8001-000000000010', 'D3', 2, 0, NULL),
  ('aa000001-0015-4001-8001-000000000015', '671174b8-96df-46b9-bc39-2ceb999a22da', 'aa000001-0014-4001-8001-000000000014', 'F1', 0, 7, NULL),
  ('aa000001-0016-4001-8001-000000000016', '671174b8-96df-46b9-bc39-2ceb999a22da', 'aa000001-0014-4001-8001-000000000014', 'F2', 1, 4, NULL),
  ('aa000001-0025-4001-8001-000000000025', '671174b8-96df-46b9-bc39-2ceb999a22da', 'aa000001-0014-4001-8001-000000000014', 'F3', 2, 1, NULL);


-- Piece video for Debussy Trio
INSERT INTO piece_videos (id, piece_id, youtube_video_id, title, sort_order, start_seconds, end_seconds) VALUES
  ('bb000001-0001-4001-8001-000000000001', '671174b8-96df-46b9-bc39-2ceb999a22da', 'o2B4B4p7BDg', 'Debussy Trio in G major', 0, 3, 493);

-- Section timestamps for the Debussy Trio video
INSERT INTO piece_section_timestamps (id, section_id, video_id, start_seconds, end_seconds) VALUES
  ('cc000001-0001-4001-8001-000000000001', 'aa000001-0001-4001-8001-000000000001', 'bb000001-0001-4001-8001-000000000001', 2, NULL),
  ('cc000001-0002-4001-8001-000000000002', 'aa000001-0002-4001-8001-000000000002', 'bb000001-0001-4001-8001-000000000001', 2, NULL),
  ('cc000001-0003-4001-8001-000000000003', 'aa000001-0003-4001-8001-000000000003', 'bb000001-0001-4001-8001-000000000001', 11, NULL),
  ('cc000001-0004-4001-8001-000000000004', 'aa000001-0020-4001-8001-000000000020', 'bb000001-0001-4001-8001-000000000001', 67, NULL),
  ('cc000001-0005-4001-8001-000000000005', 'aa000001-0005-4001-8001-000000000005', 'bb000001-0001-4001-8001-000000000001', 83, NULL),
  ('cc000001-0006-4001-8001-000000000006', 'aa000001-0006-4001-8001-000000000006', 'bb000001-0001-4001-8001-000000000001', 116, NULL),
  ('cc000001-0007-4001-8001-000000000007', 'aa000001-0008-4001-8001-000000000008', 'bb000001-0001-4001-8001-000000000001', 147, NULL),
  ('cc000001-0008-4001-8001-000000000008', 'aa000001-0009-4001-8001-000000000009', 'bb000001-0001-4001-8001-000000000001', 161, NULL),
  ('cc000001-0009-4001-8001-000000000009', 'aa000001-0021-4001-8001-000000000021', 'bb000001-0001-4001-8001-000000000001', 171, NULL),
  ('cc000001-0010-4001-8001-000000000010', 'aa000001-0022-4001-8001-000000000022', 'bb000001-0001-4001-8001-000000000001', 182, NULL),
  ('cc000001-0011-4001-8001-000000000011', 'aa000001-0023-4001-8001-000000000023', 'bb000001-0001-4001-8001-000000000001', 187, NULL),
  ('cc000001-0012-4001-8001-000000000012', 'aa000001-0011-4001-8001-000000000011', 'bb000001-0001-4001-8001-000000000001', 194, NULL),
  ('cc000001-0013-4001-8001-000000000013', 'aa000001-0012-4001-8001-000000000012', 'bb000001-0001-4001-8001-000000000001', 212, NULL),
  ('cc000001-0014-4001-8001-000000000014', 'aa000001-0024-4001-8001-000000000024', 'bb000001-0001-4001-8001-000000000001', 234, NULL),
  ('cc000001-0015-4001-8001-000000000015', 'aa000001-0013-4001-8001-000000000013', 'bb000001-0001-4001-8001-000000000001', 249, NULL),
  ('cc000001-0016-4001-8001-000000000016', 'aa000001-0014-4001-8001-000000000014', 'bb000001-0001-4001-8001-000000000001', 273, NULL),
  ('cc000001-0017-4001-8001-000000000017', 'aa000001-0015-4001-8001-000000000015', 'bb000001-0001-4001-8001-000000000001', 273, NULL),
  ('cc000001-0018-4001-8001-000000000018', 'aa000001-0016-4001-8001-000000000016', 'bb000001-0001-4001-8001-000000000001', 291, NULL),
  ('cc000001-0019-4001-8001-000000000019', 'aa000001-0025-4001-8001-000000000025', 'bb000001-0001-4001-8001-000000000001', 313, NULL),
  ('cc000001-0020-4001-8001-000000000020', 'aa000001-0017-4001-8001-000000000017', 'bb000001-0001-4001-8001-000000000001', 321, NULL),
  ('cc000001-0021-4001-8001-000000000021', 'aa000001-0018-4001-8001-000000000018', 'bb000001-0001-4001-8001-000000000001', 367, NULL),
  ('cc000001-0022-4001-8001-000000000022', 'aa000001-0019-4001-8001-000000000019', 'bb000001-0001-4001-8001-000000000001', 405, NULL);


-- Piece video for Ballade 4
INSERT INTO piece_videos (id, piece_id, youtube_video_id, title, sort_order, start_seconds, end_seconds) VALUES
  ('bb000002-0001-4001-8001-000000000001', 'e07a9e85-307a-4af9-8966-d1e824ec9ddb', 'pe-GrRQz8pk', 'Chopin Ballade No. 4', 0, 1, 668);


-- Piece sections for Ballade 4
-- M has subsections M1, M2. All others are top-level.
-- Current statuses: A-L at 7, M1-M2 at 6, N-R at 5, S at 3, T at 2
INSERT INTO piece_sections (id, piece_id, parent_id, label, sort_order, status, target_tempo) VALUES
  ('ba000001-0001-4001-8001-000000000001', 'e07a9e85-307a-4af9-8966-d1e824ec9ddb', NULL, 'A',  0, 7, 100),
  ('ba000001-0002-4001-8001-000000000002', 'e07a9e85-307a-4af9-8966-d1e824ec9ddb', NULL, 'B',  1, 7, 110),
  ('ba000001-0003-4001-8001-000000000003', 'e07a9e85-307a-4af9-8966-d1e824ec9ddb', NULL, 'C',  2, 7, 110),
  ('ba000001-0004-4001-8001-000000000004', 'e07a9e85-307a-4af9-8966-d1e824ec9ddb', NULL, 'D',  3, 7, 110),
  ('ba000001-0005-4001-8001-000000000005', 'e07a9e85-307a-4af9-8966-d1e824ec9ddb', NULL, 'E',  4, 7, 110),
  ('ba000001-0006-4001-8001-000000000006', 'e07a9e85-307a-4af9-8966-d1e824ec9ddb', NULL, 'F',  5, 7, 110),
  ('ba000001-0007-4001-8001-000000000007', 'e07a9e85-307a-4af9-8966-d1e824ec9ddb', NULL, 'G',  6, 7, 110),
  ('ba000001-0008-4001-8001-000000000008', 'e07a9e85-307a-4af9-8966-d1e824ec9ddb', NULL, 'H',  7, 7, 110),
  ('ba000001-0009-4001-8001-000000000009', 'e07a9e85-307a-4af9-8966-d1e824ec9ddb', NULL, 'I',  8, 7, 110),
  ('ba000001-000a-4001-8001-000000000001', 'e07a9e85-307a-4af9-8966-d1e824ec9ddb', NULL, 'J',  9, 7, 110),
  ('ba000001-000b-4001-8001-000000000001', 'e07a9e85-307a-4af9-8966-d1e824ec9ddb', NULL, 'K', 10, 7, 110),
  ('ba000001-000c-4001-8001-000000000001', 'e07a9e85-307a-4af9-8966-d1e824ec9ddb', NULL, 'L', 11, 7, 110),
  ('ba000001-000d-4001-8001-000000000001', 'e07a9e85-307a-4af9-8966-d1e824ec9ddb', NULL, 'M', 12, 0, 110),
  ('ba000001-000e-4001-8001-000000000001', 'e07a9e85-307a-4af9-8966-d1e824ec9ddb', NULL, 'N', 13, 5, 110),
  ('ba000001-000f-4001-8001-000000000001', 'e07a9e85-307a-4af9-8966-d1e824ec9ddb', NULL, 'O', 14, 5, 110),
  ('ba000001-0010-4001-8001-000000000001', 'e07a9e85-307a-4af9-8966-d1e824ec9ddb', NULL, 'P', 15, 5, 110),
  ('ba000001-0011-4001-8001-000000000001', 'e07a9e85-307a-4af9-8966-d1e824ec9ddb', NULL, 'Q', 16, 5, 110),
  ('ba000001-0012-4001-8001-000000000001', 'e07a9e85-307a-4af9-8966-d1e824ec9ddb', NULL, 'R', 17, 5, 110),
  ('ba000001-0013-4001-8001-000000000001', 'e07a9e85-307a-4af9-8966-d1e824ec9ddb', NULL, 'S', 18, 3, 110),
  ('ba000001-0014-4001-8001-000000000001', 'e07a9e85-307a-4af9-8966-d1e824ec9ddb', NULL, 'T', 19, 2, 110);

-- M subsections
INSERT INTO piece_sections (id, piece_id, parent_id, label, sort_order, status, target_tempo) VALUES
  ('ba000001-00d1-4001-8001-000000000001', 'e07a9e85-307a-4af9-8966-d1e824ec9ddb', 'ba000001-000d-4001-8001-000000000001', 'M1', 0, 6, 110),
  ('ba000001-00d2-4001-8001-000000000001', 'e07a9e85-307a-4af9-8966-d1e824ec9ddb', 'ba000001-000d-4001-8001-000000000001', 'M2', 1, 6, 110);


-- Section timestamps for Ballade 4 video
INSERT INTO piece_section_timestamps (id, section_id, video_id, start_seconds, end_seconds) VALUES
  ('cc000002-0001-4001-8001-000000000001', 'ba000001-0001-4001-8001-000000000001', 'bb000002-0001-4001-8001-000000000001', 1, NULL),
  ('cc000002-0002-4001-8001-000000000001', 'ba000001-0002-4001-8001-000000000002', 'bb000002-0001-4001-8001-000000000001', 37, NULL),
  ('cc000002-0003-4001-8001-000000000001', 'ba000001-0003-4001-8001-000000000003', 'bb000002-0001-4001-8001-000000000001', 137, NULL),
  ('cc000002-0004-4001-8001-000000000001', 'ba000001-0004-4001-8001-000000000004', 'bb000002-0001-4001-8001-000000000001', 164, NULL),
  ('cc000002-0005-4001-8001-000000000001', 'ba000001-0005-4001-8001-000000000005', 'bb000002-0001-4001-8001-000000000001', 205, NULL),
  ('cc000002-0006-4001-8001-000000000001', 'ba000001-0006-4001-8001-000000000006', 'bb000002-0001-4001-8001-000000000001', 245, NULL),
  ('cc000002-0007-4001-8001-000000000001', 'ba000001-0007-4001-8001-000000000007', 'bb000002-0001-4001-8001-000000000001', 259, NULL),
  ('cc000002-0008-4001-8001-000000000001', 'ba000001-0008-4001-8001-000000000008', 'bb000002-0001-4001-8001-000000000001', 317, NULL),
  ('cc000002-0009-4001-8001-000000000001', 'ba000001-0009-4001-8001-000000000009', 'bb000002-0001-4001-8001-000000000001', 362, NULL),
  ('cc000002-000a-4001-8001-000000000001', 'ba000001-000a-4001-8001-000000000001', 'bb000002-0001-4001-8001-000000000001', 384, NULL),
  ('cc000002-000b-4001-8001-000000000001', 'ba000001-000b-4001-8001-000000000001', 'bb000002-0001-4001-8001-000000000001', 424, NULL),
  ('cc000002-000c-4001-8001-000000000001', 'ba000001-000c-4001-8001-000000000001', 'bb000002-0001-4001-8001-000000000001', 484, NULL),
  ('cc000002-000d-4001-8001-000000000001', 'ba000001-000d-4001-8001-000000000001', 'bb000002-0001-4001-8001-000000000001', 526, NULL),
  ('cc000002-00d1-4001-8001-000000000001', 'ba000001-00d1-4001-8001-000000000001', 'bb000002-0001-4001-8001-000000000001', 526, NULL),
  ('cc000002-00d2-4001-8001-000000000001', 'ba000001-00d2-4001-8001-000000000001', 'bb000002-0001-4001-8001-000000000001', 581, NULL),
  ('cc000002-000e-4001-8001-000000000001', 'ba000001-000e-4001-8001-000000000001', 'bb000002-0001-4001-8001-000000000001', 591, NULL),
  ('cc000002-000f-4001-8001-000000000001', 'ba000001-000f-4001-8001-000000000001', 'bb000002-0001-4001-8001-000000000001', 622, NULL),
  ('cc000002-0010-4001-8001-000000000001', 'ba000001-0010-4001-8001-000000000001', 'bb000002-0001-4001-8001-000000000001', 631, NULL),
  ('cc000002-0011-4001-8001-000000000001', 'ba000001-0011-4001-8001-000000000001', 'bb000002-0001-4001-8001-000000000001', 636, NULL),
  ('cc000002-0012-4001-8001-000000000001', 'ba000001-0012-4001-8001-000000000001', 'bb000002-0001-4001-8001-000000000001', 646, NULL),
  ('cc000002-0013-4001-8001-000000000001', 'ba000001-0013-4001-8001-000000000001', 'bb000002-0001-4001-8001-000000000001', 657, NULL),
  ('cc000002-0014-4001-8001-000000000001', 'ba000001-0014-4001-8001-000000000001', 'bb000002-0001-4001-8001-000000000001', 668, NULL);


-- Historical section_status_snapshots for Ballade 4
-- Week 1: Feb 17 — initial work on A-F (0→1)
-- Week 2: Feb 24 — A-F progress (1→3), G-L start (0→1)
-- Week 3: Mar 3 — A-F (3→5), G-L (1→3), M1-M2 start (0→1)
-- Week 4: Mar 10 — A-F (5→7), G-L (3→5), M1-M2 (1→3), N-R start (0→1)
-- Week 5: Mar 17 — G-L (5→7), M1-M2 (3→5), N-R (1→3), S start (0→1)
-- Week 6: Mar 24 — M1-M2 (5→6), N-R (3→5), S (1→3), T start (0→2)
INSERT INTO section_status_snapshots (id, piece_id, section_id, old_status, new_status, snapshot_date, created_at) VALUES
  -- Week 1: Feb 17 — A-F go from 0→1
  ('55000001-0001-4001-8001-000000000001', 'e07a9e85-307a-4af9-8966-d1e824ec9ddb', 'ba000001-0001-4001-8001-000000000001', 0, 1, '2026-02-17', '2026-02-17 14:00:00+00'),
  ('55000001-0002-4001-8001-000000000001', 'e07a9e85-307a-4af9-8966-d1e824ec9ddb', 'ba000001-0002-4001-8001-000000000002', 0, 1, '2026-02-17', '2026-02-17 14:10:00+00'),
  ('55000001-0003-4001-8001-000000000001', 'e07a9e85-307a-4af9-8966-d1e824ec9ddb', 'ba000001-0003-4001-8001-000000000003', 0, 1, '2026-02-17', '2026-02-17 14:20:00+00'),
  ('55000001-0004-4001-8001-000000000001', 'e07a9e85-307a-4af9-8966-d1e824ec9ddb', 'ba000001-0004-4001-8001-000000000004', 0, 1, '2026-02-17', '2026-02-17 14:30:00+00'),
  ('55000001-0005-4001-8001-000000000001', 'e07a9e85-307a-4af9-8966-d1e824ec9ddb', 'ba000001-0005-4001-8001-000000000005', 0, 1, '2026-02-17', '2026-02-17 14:40:00+00'),
  ('55000001-0006-4001-8001-000000000001', 'e07a9e85-307a-4af9-8966-d1e824ec9ddb', 'ba000001-0006-4001-8001-000000000006', 0, 1, '2026-02-17', '2026-02-17 14:50:00+00'),

  -- Week 2: Feb 24 — A-F go 1→3, G-L go 0→1
  ('55000001-0007-4001-8001-000000000001', 'e07a9e85-307a-4af9-8966-d1e824ec9ddb', 'ba000001-0001-4001-8001-000000000001', 1, 3, '2026-02-24', '2026-02-24 14:00:00+00'),
  ('55000001-0008-4001-8001-000000000001', 'e07a9e85-307a-4af9-8966-d1e824ec9ddb', 'ba000001-0002-4001-8001-000000000002', 1, 3, '2026-02-24', '2026-02-24 14:10:00+00'),
  ('55000001-0009-4001-8001-000000000001', 'e07a9e85-307a-4af9-8966-d1e824ec9ddb', 'ba000001-0003-4001-8001-000000000003', 1, 3, '2026-02-24', '2026-02-24 14:20:00+00'),
  ('55000001-000a-4001-8001-000000000001', 'e07a9e85-307a-4af9-8966-d1e824ec9ddb', 'ba000001-0004-4001-8001-000000000004', 1, 3, '2026-02-24', '2026-02-24 14:30:00+00'),
  ('55000001-000b-4001-8001-000000000001', 'e07a9e85-307a-4af9-8966-d1e824ec9ddb', 'ba000001-0005-4001-8001-000000000005', 1, 3, '2026-02-24', '2026-02-24 14:40:00+00'),
  ('55000001-000c-4001-8001-000000000001', 'e07a9e85-307a-4af9-8966-d1e824ec9ddb', 'ba000001-0006-4001-8001-000000000006', 1, 3, '2026-02-24', '2026-02-24 14:50:00+00'),
  ('55000001-000d-4001-8001-000000000001', 'e07a9e85-307a-4af9-8966-d1e824ec9ddb', 'ba000001-0007-4001-8001-000000000007', 0, 1, '2026-02-24', '2026-02-24 15:00:00+00'),
  ('55000001-000e-4001-8001-000000000001', 'e07a9e85-307a-4af9-8966-d1e824ec9ddb', 'ba000001-0008-4001-8001-000000000008', 0, 1, '2026-02-24', '2026-02-24 15:10:00+00'),
  ('55000001-000f-4001-8001-000000000001', 'e07a9e85-307a-4af9-8966-d1e824ec9ddb', 'ba000001-0009-4001-8001-000000000009', 0, 1, '2026-02-24', '2026-02-24 15:20:00+00'),
  ('55000001-0010-4001-8001-000000000001', 'e07a9e85-307a-4af9-8966-d1e824ec9ddb', 'ba000001-000a-4001-8001-000000000001', 0, 1, '2026-02-24', '2026-02-24 15:30:00+00'),
  ('55000001-0011-4001-8001-000000000001', 'e07a9e85-307a-4af9-8966-d1e824ec9ddb', 'ba000001-000b-4001-8001-000000000001', 0, 1, '2026-02-24', '2026-02-24 15:40:00+00'),
  ('55000001-0012-4001-8001-000000000001', 'e07a9e85-307a-4af9-8966-d1e824ec9ddb', 'ba000001-000c-4001-8001-000000000001', 0, 1, '2026-02-24', '2026-02-24 15:50:00+00'),

  -- Week 3: Mar 3 — A-F go 3→5, G-L go 1→3, M1-M2 go 0→1
  ('55000001-0013-4001-8001-000000000001', 'e07a9e85-307a-4af9-8966-d1e824ec9ddb', 'ba000001-0001-4001-8001-000000000001', 3, 5, '2026-03-03', '2026-03-03 14:00:00+00'),
  ('55000001-0014-4001-8001-000000000001', 'e07a9e85-307a-4af9-8966-d1e824ec9ddb', 'ba000001-0002-4001-8001-000000000002', 3, 5, '2026-03-03', '2026-03-03 14:10:00+00'),
  ('55000001-0015-4001-8001-000000000001', 'e07a9e85-307a-4af9-8966-d1e824ec9ddb', 'ba000001-0003-4001-8001-000000000003', 3, 5, '2026-03-03', '2026-03-03 14:20:00+00'),
  ('55000001-0016-4001-8001-000000000001', 'e07a9e85-307a-4af9-8966-d1e824ec9ddb', 'ba000001-0004-4001-8001-000000000004', 3, 5, '2026-03-03', '2026-03-03 14:30:00+00'),
  ('55000001-0017-4001-8001-000000000001', 'e07a9e85-307a-4af9-8966-d1e824ec9ddb', 'ba000001-0005-4001-8001-000000000005', 3, 5, '2026-03-03', '2026-03-03 14:40:00+00'),
  ('55000001-0018-4001-8001-000000000001', 'e07a9e85-307a-4af9-8966-d1e824ec9ddb', 'ba000001-0006-4001-8001-000000000006', 3, 5, '2026-03-03', '2026-03-03 14:50:00+00'),
  ('55000001-0019-4001-8001-000000000001', 'e07a9e85-307a-4af9-8966-d1e824ec9ddb', 'ba000001-0007-4001-8001-000000000007', 1, 3, '2026-03-03', '2026-03-03 15:00:00+00'),
  ('55000001-001a-4001-8001-000000000001', 'e07a9e85-307a-4af9-8966-d1e824ec9ddb', 'ba000001-0008-4001-8001-000000000008', 1, 3, '2026-03-03', '2026-03-03 15:10:00+00'),
  ('55000001-001b-4001-8001-000000000001', 'e07a9e85-307a-4af9-8966-d1e824ec9ddb', 'ba000001-0009-4001-8001-000000000009', 1, 3, '2026-03-03', '2026-03-03 15:20:00+00'),
  ('55000001-001c-4001-8001-000000000001', 'e07a9e85-307a-4af9-8966-d1e824ec9ddb', 'ba000001-000a-4001-8001-000000000001', 1, 3, '2026-03-03', '2026-03-03 15:30:00+00'),
  ('55000001-001d-4001-8001-000000000001', 'e07a9e85-307a-4af9-8966-d1e824ec9ddb', 'ba000001-000b-4001-8001-000000000001', 1, 3, '2026-03-03', '2026-03-03 15:40:00+00'),
  ('55000001-001e-4001-8001-000000000001', 'e07a9e85-307a-4af9-8966-d1e824ec9ddb', 'ba000001-000c-4001-8001-000000000001', 1, 3, '2026-03-03', '2026-03-03 15:50:00+00'),
  ('55000001-001f-4001-8001-000000000001', 'e07a9e85-307a-4af9-8966-d1e824ec9ddb', 'ba000001-00d1-4001-8001-000000000001', 0, 1, '2026-03-03', '2026-03-03 16:00:00+00'),
  ('55000001-0020-4001-8001-000000000001', 'e07a9e85-307a-4af9-8966-d1e824ec9ddb', 'ba000001-00d2-4001-8001-000000000001', 0, 1, '2026-03-03', '2026-03-03 16:10:00+00'),

  -- Week 4: Mar 10 — A-F go 5→7, G-L go 3→5, M1-M2 go 1→3, N-R go 0→1
  ('55000001-0021-4001-8001-000000000001', 'e07a9e85-307a-4af9-8966-d1e824ec9ddb', 'ba000001-0001-4001-8001-000000000001', 5, 7, '2026-03-10', '2026-03-10 14:00:00+00'),
  ('55000001-0022-4001-8001-000000000001', 'e07a9e85-307a-4af9-8966-d1e824ec9ddb', 'ba000001-0002-4001-8001-000000000002', 5, 7, '2026-03-10', '2026-03-10 14:10:00+00'),
  ('55000001-0023-4001-8001-000000000001', 'e07a9e85-307a-4af9-8966-d1e824ec9ddb', 'ba000001-0003-4001-8001-000000000003', 5, 7, '2026-03-10', '2026-03-10 14:20:00+00'),
  ('55000001-0024-4001-8001-000000000001', 'e07a9e85-307a-4af9-8966-d1e824ec9ddb', 'ba000001-0004-4001-8001-000000000004', 5, 7, '2026-03-10', '2026-03-10 14:30:00+00'),
  ('55000001-0025-4001-8001-000000000001', 'e07a9e85-307a-4af9-8966-d1e824ec9ddb', 'ba000001-0005-4001-8001-000000000005', 5, 7, '2026-03-10', '2026-03-10 14:40:00+00'),
  ('55000001-0026-4001-8001-000000000001', 'e07a9e85-307a-4af9-8966-d1e824ec9ddb', 'ba000001-0006-4001-8001-000000000006', 5, 7, '2026-03-10', '2026-03-10 14:50:00+00'),
  ('55000001-0027-4001-8001-000000000001', 'e07a9e85-307a-4af9-8966-d1e824ec9ddb', 'ba000001-0007-4001-8001-000000000007', 3, 5, '2026-03-10', '2026-03-10 15:00:00+00'),
  ('55000001-0028-4001-8001-000000000001', 'e07a9e85-307a-4af9-8966-d1e824ec9ddb', 'ba000001-0008-4001-8001-000000000008', 3, 5, '2026-03-10', '2026-03-10 15:10:00+00'),
  ('55000001-0029-4001-8001-000000000001', 'e07a9e85-307a-4af9-8966-d1e824ec9ddb', 'ba000001-0009-4001-8001-000000000009', 3, 5, '2026-03-10', '2026-03-10 15:20:00+00'),
  ('55000001-002a-4001-8001-000000000001', 'e07a9e85-307a-4af9-8966-d1e824ec9ddb', 'ba000001-000a-4001-8001-000000000001', 3, 5, '2026-03-10', '2026-03-10 15:30:00+00'),
  ('55000001-002b-4001-8001-000000000001', 'e07a9e85-307a-4af9-8966-d1e824ec9ddb', 'ba000001-000b-4001-8001-000000000001', 3, 5, '2026-03-10', '2026-03-10 15:40:00+00'),
  ('55000001-002c-4001-8001-000000000001', 'e07a9e85-307a-4af9-8966-d1e824ec9ddb', 'ba000001-000c-4001-8001-000000000001', 3, 5, '2026-03-10', '2026-03-10 15:50:00+00'),
  ('55000001-002d-4001-8001-000000000001', 'e07a9e85-307a-4af9-8966-d1e824ec9ddb', 'ba000001-00d1-4001-8001-000000000001', 1, 3, '2026-03-10', '2026-03-10 16:00:00+00'),
  ('55000001-002e-4001-8001-000000000001', 'e07a9e85-307a-4af9-8966-d1e824ec9ddb', 'ba000001-00d2-4001-8001-000000000001', 1, 3, '2026-03-10', '2026-03-10 16:10:00+00'),
  ('55000001-002f-4001-8001-000000000001', 'e07a9e85-307a-4af9-8966-d1e824ec9ddb', 'ba000001-000e-4001-8001-000000000001', 0, 1, '2026-03-10', '2026-03-10 16:20:00+00'),
  ('55000001-0030-4001-8001-000000000001', 'e07a9e85-307a-4af9-8966-d1e824ec9ddb', 'ba000001-000f-4001-8001-000000000001', 0, 1, '2026-03-10', '2026-03-10 16:30:00+00'),
  ('55000001-0031-4001-8001-000000000001', 'e07a9e85-307a-4af9-8966-d1e824ec9ddb', 'ba000001-0010-4001-8001-000000000001', 0, 1, '2026-03-10', '2026-03-10 16:40:00+00'),
  ('55000001-0032-4001-8001-000000000001', 'e07a9e85-307a-4af9-8966-d1e824ec9ddb', 'ba000001-0011-4001-8001-000000000001', 0, 1, '2026-03-10', '2026-03-10 16:50:00+00'),
  ('55000001-0033-4001-8001-000000000001', 'e07a9e85-307a-4af9-8966-d1e824ec9ddb', 'ba000001-0012-4001-8001-000000000001', 0, 1, '2026-03-10', '2026-03-10 17:00:00+00'),

  -- Week 5: Mar 17 — G-L go 5→7, M1-M2 go 3→5, N-R go 1→3, S goes 0→1
  ('55000001-0034-4001-8001-000000000001', 'e07a9e85-307a-4af9-8966-d1e824ec9ddb', 'ba000001-0007-4001-8001-000000000007', 5, 7, '2026-03-17', '2026-03-17 14:00:00+00'),
  ('55000001-0035-4001-8001-000000000001', 'e07a9e85-307a-4af9-8966-d1e824ec9ddb', 'ba000001-0008-4001-8001-000000000008', 5, 7, '2026-03-17', '2026-03-17 14:10:00+00'),
  ('55000001-0036-4001-8001-000000000001', 'e07a9e85-307a-4af9-8966-d1e824ec9ddb', 'ba000001-0009-4001-8001-000000000009', 5, 7, '2026-03-17', '2026-03-17 14:20:00+00'),
  ('55000001-0037-4001-8001-000000000001', 'e07a9e85-307a-4af9-8966-d1e824ec9ddb', 'ba000001-000a-4001-8001-000000000001', 5, 7, '2026-03-17', '2026-03-17 14:30:00+00'),
  ('55000001-0038-4001-8001-000000000001', 'e07a9e85-307a-4af9-8966-d1e824ec9ddb', 'ba000001-000b-4001-8001-000000000001', 5, 7, '2026-03-17', '2026-03-17 14:40:00+00'),
  ('55000001-0039-4001-8001-000000000001', 'e07a9e85-307a-4af9-8966-d1e824ec9ddb', 'ba000001-000c-4001-8001-000000000001', 5, 7, '2026-03-17', '2026-03-17 14:50:00+00'),
  ('55000001-003a-4001-8001-000000000001', 'e07a9e85-307a-4af9-8966-d1e824ec9ddb', 'ba000001-00d1-4001-8001-000000000001', 3, 5, '2026-03-17', '2026-03-17 15:00:00+00'),
  ('55000001-003b-4001-8001-000000000001', 'e07a9e85-307a-4af9-8966-d1e824ec9ddb', 'ba000001-00d2-4001-8001-000000000001', 3, 5, '2026-03-17', '2026-03-17 15:10:00+00'),
  ('55000001-003c-4001-8001-000000000001', 'e07a9e85-307a-4af9-8966-d1e824ec9ddb', 'ba000001-000e-4001-8001-000000000001', 1, 3, '2026-03-17', '2026-03-17 15:20:00+00'),
  ('55000001-003d-4001-8001-000000000001', 'e07a9e85-307a-4af9-8966-d1e824ec9ddb', 'ba000001-000f-4001-8001-000000000001', 1, 3, '2026-03-17', '2026-03-17 15:30:00+00'),
  ('55000001-003e-4001-8001-000000000001', 'e07a9e85-307a-4af9-8966-d1e824ec9ddb', 'ba000001-0010-4001-8001-000000000001', 1, 3, '2026-03-17', '2026-03-17 15:40:00+00'),
  ('55000001-003f-4001-8001-000000000001', 'e07a9e85-307a-4af9-8966-d1e824ec9ddb', 'ba000001-0011-4001-8001-000000000001', 1, 3, '2026-03-17', '2026-03-17 15:50:00+00'),
  ('55000001-0040-4001-8001-000000000001', 'e07a9e85-307a-4af9-8966-d1e824ec9ddb', 'ba000001-0012-4001-8001-000000000001', 1, 3, '2026-03-17', '2026-03-17 16:00:00+00'),
  ('55000001-0041-4001-8001-000000000001', 'e07a9e85-307a-4af9-8966-d1e824ec9ddb', 'ba000001-0013-4001-8001-000000000001', 0, 1, '2026-03-17', '2026-03-17 16:10:00+00'),

  -- Week 6: Mar 24 — M1-M2 go 5→6, N-R go 3→5, S goes 1→3, T goes 0→2
  ('55000001-0042-4001-8001-000000000001', 'e07a9e85-307a-4af9-8966-d1e824ec9ddb', 'ba000001-00d1-4001-8001-000000000001', 5, 6, '2026-03-24', '2026-03-24 14:00:00+00'),
  ('55000001-0043-4001-8001-000000000001', 'e07a9e85-307a-4af9-8966-d1e824ec9ddb', 'ba000001-00d2-4001-8001-000000000001', 5, 6, '2026-03-24', '2026-03-24 14:10:00+00'),
  ('55000001-0044-4001-8001-000000000001', 'e07a9e85-307a-4af9-8966-d1e824ec9ddb', 'ba000001-000e-4001-8001-000000000001', 3, 5, '2026-03-24', '2026-03-24 14:20:00+00'),
  ('55000001-0045-4001-8001-000000000001', 'e07a9e85-307a-4af9-8966-d1e824ec9ddb', 'ba000001-000f-4001-8001-000000000001', 3, 5, '2026-03-24', '2026-03-24 14:30:00+00'),
  ('55000001-0046-4001-8001-000000000001', 'e07a9e85-307a-4af9-8966-d1e824ec9ddb', 'ba000001-0010-4001-8001-000000000001', 3, 5, '2026-03-24', '2026-03-24 14:40:00+00'),
  ('55000001-0047-4001-8001-000000000001', 'e07a9e85-307a-4af9-8966-d1e824ec9ddb', 'ba000001-0011-4001-8001-000000000001', 3, 5, '2026-03-24', '2026-03-24 14:50:00+00'),
  ('55000001-0048-4001-8001-000000000001', 'e07a9e85-307a-4af9-8966-d1e824ec9ddb', 'ba000001-0012-4001-8001-000000000001', 3, 5, '2026-03-24', '2026-03-24 15:00:00+00'),
  ('55000001-0049-4001-8001-000000000001', 'e07a9e85-307a-4af9-8966-d1e824ec9ddb', 'ba000001-0013-4001-8001-000000000001', 1, 3, '2026-03-24', '2026-03-24 15:10:00+00'),
  ('55000001-004a-4001-8001-000000000001', 'e07a9e85-307a-4af9-8966-d1e824ec9ddb', 'ba000001-0014-4001-8001-000000000001', 0, 2, '2026-03-24', '2026-03-24 15:20:00+00');

